City,report_year,FTE Count,has_nulls
ANDOVER,2002,30.3,True
ANDOVER,2003,62.20000000000001,True
ANDOVER,2004,62.20000000000001,True
ANDOVER,2005,60.599999999999994,True
ANDOVER,2006,59.599999999999994,True
ANDOVER,2007,60.9,True
ANDOVER,2008,57.99999999999999,True
ANDOVER,2009,59.39999999999999,True
ANDOVER,2010,59.99999999999999,True
ANDOVER,2011,59.699999999999996,True
ANDOVER,2012,57.6,True
ANDOVER,2013,56.6,True
ANDOVER,2014,56.6,True
ANDOVER,2015,52.099999999999994,True
ANDOVER,2016,54.3,True
ANDOVER,2017,45.300000000000004,True
ANDOVER,2018,46.300000000000004,True
ANSONIA,2002,112.10000000000001,True
ANSONIA,2003,314.2,False
ANSONIA,2004,346.9,False
ANSONIA,2005,363.1,False
ANSONIA,2006,368.70000000000005,False
ANSONIA,2007,489.8,False
ANSONIA,2008,391.90000000000003,False
ANSONIA,2009,404.5,False
ANSONIA,2010,373.2,False
ANSONIA,2011,399.6,False
ANSONIA,2012,389.6,False
ANSONIA,2013,376.7,False
ANSONIA,2014,391.7,False
ANSONIA,2015,347.2,False
ANSONIA,2016,353.5,False
ANSONIA,2017,344.0,False
ANSONIA,2018,341.8,False
ASHFORD,2002,23.7,True
ASHFORD,2003,89.3,True
ASHFORD,2004,91.8,True
ASHFORD,2005,88.0,True
ASHFORD,2006,92.39999999999999,True
ASHFORD,2007,93.9,True
ASHFORD,2008,95.80000000000001,True
ASHFORD,2009,97.0,True
ASHFORD,2010,97.39999999999999,True
ASHFORD,2011,96.19999999999999,True
ASHFORD,2012,96.79999999999998,True
ASHFORD,2013,92.39999999999999,True
ASHFORD,2014,91.5,True
ASHFORD,2015,95.8,True
ASHFORD,2016,96.9,True
ASHFORD,2017,98.3,True
ASHFORD,2018,94.5,True
AVON,2002,140.8,True
AVON,2003,510.7,False
AVON,2004,412.30000000000007,False
AVON,2005,446.20000000000005,False
AVON,2006,440.8,False
AVON,2007,458.6,False
AVON,2008,465.6,False
AVON,2009,506.79999999999995,False
AVON,2010,498.80000000000007,False
AVON,2011,516.0,False
AVON,2012,533.0,False
AVON,2013,527.3000000000001,False
AVON,2014,507.90000000000003,False
AVON,2015,510.50000000000006,False
AVON,2016,509.3,False
AVON,2017,514.8,False
AVON,2018,491.09999999999997,False
BALTIC,2002,22.1,True
BALTIC,2003,69.7,True
BALTIC,2004,65.60000000000001,True
BALTIC,2005,65.60000000000001,True
BALTIC,2006,61.10000000000001,True
BALTIC,2007,63.900000000000006,True
BALTIC,2008,61.2,True
BALTIC,2009,64.9,True
BALTIC,2010,65.4,True
BALTIC,2011,67.2,True
BALTIC,2012,65.2,True
BALTIC,2013,65.5,True
BALTIC,2014,67.5,True
BALTIC,2015,71.3,True
BALTIC,2016,68.3,True
BALTIC,2017,65.3,True
BALTIC,2018,73.6,True
BARKHAMSTED,2002,16.6,True
BARKHAMSTED,2003,46.9,False
BARKHAMSTED,2004,57.0,False
BARKHAMSTED,2005,55.5,False
BARKHAMSTED,2006,54.400000000000006,False
BARKHAMSTED,2007,55.699999999999996,False
BARKHAMSTED,2008,56.10000000000001,True
BARKHAMSTED,2009,56.0,False
BARKHAMSTED,2010,54.29999999999999,False
BARKHAMSTED,2011,58.0,False
BARKHAMSTED,2012,55.0,False
BARKHAMSTED,2013,53.599999999999994,False
BARKHAMSTED,2014,53.8,False
BARKHAMSTED,2015,55.7,True
BARKHAMSTED,2016,58.5,True
BARKHAMSTED,2017,58.699999999999996,True
BARKHAMSTED,2018,60.99999999999999,True
BERLIN,2002,119.0,True
BERLIN,2003,461.90000000000003,False
BERLIN,2004,451.7,False
BERLIN,2005,466.40000000000003,False
BERLIN,2006,478.59999999999997,False
BERLIN,2007,482.00000000000006,False
BERLIN,2008,472.90000000000003,False
BERLIN,2009,485.2,False
BERLIN,2010,484.59999999999997,False
BERLIN,2011,469.40000000000003,False
BERLIN,2012,489.20000000000005,False
BERLIN,2013,491.30000000000007,False
BERLIN,2014,475.80000000000007,False
BERLIN,2015,487.2,False
BERLIN,2016,483.8,False
BERLIN,2017,499.90000000000003,False
BERLIN,2018,484.8,False
BETHANY,2002,21.5,True
BETHANY,2003,77.89999999999999,True
BETHANY,2004,84.2,True
BETHANY,2005,86.3,True
BETHANY,2006,94.2,True
BETHANY,2007,97.3,True
BETHANY,2008,94.70000000000002,True
BETHANY,2009,96.0,True
BETHANY,2010,98.69999999999999,True
BETHANY,2011,91.99999999999999,True
BETHANY,2012,90.0,True
BETHANY,2013,92.19999999999999,True
BETHANY,2014,89.89999999999999,True
BETHANY,2015,79.69999999999999,False
BETHANY,2016,77.89999999999999,False
BETHANY,2017,75.3,True
BETHANY,2018,73.79999999999998,True
BETHEL,2002,120.0,True
BETHEL,2003,477.29999999999995,False
BETHEL,2004,466.3,False
BETHEL,2005,469.99999999999994,False
BETHEL,2006,447.7,False
BETHEL,2007,462.69999999999993,False
BETHEL,2008,469.7,False
BETHEL,2009,475.6,False
BETHEL,2010,475.20000000000005,False
BETHEL,2011,475.40000000000003,False
BETHEL,2012,467.7,False
BETHEL,2013,465.0,False
BETHEL,2014,467.4,False
BETHEL,2015,456.59999999999997,False
BETHEL,2016,459.20000000000005,False
BETHEL,2017,469.5,False
BETHEL,2018,470.5,False
BLOOMFIELD,2002,88.0,True
BLOOMFIELD,2003,462.3,False
BLOOMFIELD,2004,466.59999999999997,False
BLOOMFIELD,2005,498.3,False
BLOOMFIELD,2006,491.8,False
BLOOMFIELD,2007,493.79999999999995,False
BLOOMFIELD,2008,489.4,False
BLOOMFIELD,2009,494.3,False
BLOOMFIELD,2010,526.0,False
BLOOMFIELD,2011,489.3,False
BLOOMFIELD,2012,490.00000000000006,False
BLOOMFIELD,2013,467.5,False
BLOOMFIELD,2014,483.0,False
BLOOMFIELD,2015,472.3,False
BLOOMFIELD,2016,451.2,False
BLOOMFIELD,2017,447.2,False
BLOOMFIELD,2018,465.5,True
BOLTON,2002,48.0,True
BOLTON,2003,160.9,False
BOLTON,2004,159.3,False
BOLTON,2005,158.7,False
BOLTON,2006,89.8,True
BOLTON,2007,160.7,False
BOLTON,2008,164.6,False
BOLTON,2009,164.6,False
BOLTON,2010,162.4,False
BOLTON,2011,155.9,False
BOLTON,2012,160.89999999999998,False
BOLTON,2013,165.2,False
BOLTON,2014,163.39999999999998,False
BOLTON,2015,165.1,False
BOLTON,2016,161.39999999999998,False
BOLTON,2017,164.6,False
BOLTON,2018,154.0,False
BOZRAH,2002,19.0,True
BOZRAH,2003,51.8,True
BOZRAH,2004,51.6,True
BOZRAH,2005,51.0,True
BOZRAH,2006,51.099999999999994,True
BOZRAH,2007,53.8,True
BOZRAH,2008,50.8,True
BOZRAH,2009,44.5,True
BOZRAH,2010,46.9,True
BOZRAH,2011,44.2,True
BOZRAH,2012,42.7,True
BOZRAH,2013,45.4,True
BOZRAH,2014,47.7,True
BOZRAH,2015,45.2,True
BOZRAH,2016,45.7,True
BOZRAH,2017,46.0,True
BOZRAH,2018,44.8,True
BRANFORD,2002,254.60000000000002,True
BRANFORD,2003,566.5,False
BRANFORD,2004,560.4000000000001,False
BRANFORD,2005,560.2,False
BRANFORD,2006,563.0,False
BRANFORD,2007,564.4,False
BRANFORD,2008,568.3,False
BRANFORD,2009,578.8,False
BRANFORD,2010,583.0,False
BRANFORD,2011,565.8000000000001,False
BRANFORD,2012,567.6,False
BRANFORD,2013,572.3000000000001,False
BRANFORD,2014,670.6,False
BRANFORD,2015,700.5999999999999,False
BRANFORD,2016,296.7,True
BRANFORD,2017,618.1000000000001,False
BRANFORD,2018,606.1,False
BRIDGEPORT,2002,1071.5,True
BRIDGEPORT,2003,2794.9,False
BRIDGEPORT,2004,2916.2999999999997,False
BRIDGEPORT,2005,2937.3999999999996,False
BRIDGEPORT,2006,2966.7,False
BRIDGEPORT,2007,2854.1,False
BRIDGEPORT,2008,2910.5,False
BRIDGEPORT,2009,2977.7999999999997,False
BRIDGEPORT,2010,3011.3,False
BRIDGEPORT,2011,2980.2000000000003,False
BRIDGEPORT,2012,2883.5,False
BRIDGEPORT,2013,2811.1000000000004,False
BRIDGEPORT,2014,2864.0,False
BRIDGEPORT,2015,2968.9999999999995,False
BRIDGEPORT,2016,3157.8999999999996,False
BRIDGEPORT,2017,2989.9,False
BRIDGEPORT,2018,2990.5,False
BRISTOL,2002,472.3,True
BRISTOL,2003,1124.6,False
BRISTOL,2004,1162.4999999999998,False
BRISTOL,2005,1204.4,False
BRISTOL,2006,1205.6,False
BRISTOL,2007,1247.1000000000001,False
BRISTOL,2008,1258.2,False
BRISTOL,2009,1244.5,False
BRISTOL,2010,1238.3,False
BRISTOL,2011,1218.6000000000001,False
BRISTOL,2012,1213.8000000000002,False
BRISTOL,2013,1195.7,False
BRISTOL,2014,1188.8,False
BRISTOL,2015,1230.2,False
BRISTOL,2016,1228.4,False
BRISTOL,2017,1233.9,False
BRISTOL,2018,1220.6000000000001,False
BROOKFIELD,2002,109.0,True
BROOKFIELD,2003,475.40000000000003,False
BROOKFIELD,2004,502.8999999999999,False
BROOKFIELD,2005,457.19999999999993,False
BROOKFIELD,2006,453.29999999999995,False
BROOKFIELD,2007,445.49999999999994,False
BROOKFIELD,2008,443.59999999999997,False
BROOKFIELD,2009,435.8,False
BROOKFIELD,2010,374.70000000000005,False
BROOKFIELD,2011,433.90000000000003,False
BROOKFIELD,2012,436.0,False
BROOKFIELD,2013,434.5,False
BROOKFIELD,2014,432.29999999999995,False
BROOKFIELD,2015,430.4,False
BROOKFIELD,2016,428.6,False
BROOKFIELD,2017,434.7,False
BROOKFIELD,2018,438.0,False
BROOKLYN,2002,36.2,True
BROOKLYN,2003,145.30000000000004,False
BROOKLYN,2004,142.60000000000002,False
BROOKLYN,2005,149.40000000000003,False
BROOKLYN,2006,150.9,False
BROOKLYN,2007,151.1,False
BROOKLYN,2008,147.4,False
BROOKLYN,2009,157.1,False
BROOKLYN,2010,152.50000000000003,False
BROOKLYN,2011,142.70000000000002,False
BROOKLYN,2012,99.89999999999999,False
BROOKLYN,2013,125.0,False
BROOKLYN,2014,168.0,False
BROOKLYN,2015,175.7,False
BROOKLYN,2016,76.10000000000001,True
BROOKLYN,2017,77.10000000000001,True
BROOKLYN,2018,180.2,False
CANAAN,2002,42.5,True
CANAAN,2003,56.3,False
CANAAN,2004,58.0,False
CANAAN,2005,57.300000000000004,True
CANAAN,2006,60.900000000000006,False
CANAAN,2007,59.900000000000006,True
CANAAN,2008,59.7,False
CANAAN,2009,56.800000000000004,True
CANAAN,2010,59.5,False
CANAAN,2011,58.5,False
CANAAN,2012,57.5,False
CANAAN,2013,57.99999999999999,False
CANAAN,2014,59.199999999999996,False
CANAAN,2015,56.99999999999999,True
CANAAN,2016,58.099999999999994,True
CANAAN,2017,58.3,True
CANAAN,2018,80.39999999999999,True
CANTERBURY,2002,26.0,True
CANTERBURY,2003,102.6,True
CANTERBURY,2004,98.5,True
CANTERBURY,2005,105.0,True
CANTERBURY,2006,53.0,True
CANTERBURY,2007,116.2,True
CANTERBURY,2008,108.0,True
CANTERBURY,2009,106.9,True
CANTERBURY,2010,104.5,True
CANTERBURY,2011,109.2,True
CANTERBURY,2012,106.0,True
CANTERBURY,2013,107.8,True
CANTERBURY,2014,106.4,True
CANTERBURY,2015,85.8,True
CANTERBURY,2016,111.0,True
CANTERBURY,2017,86.4,True
CANTERBURY,2018,107.00000000000001,True
CHAPLIN,2002,24.1,True
CHAPLIN,2003,80.1,True
CHAPLIN,2004,47.3,True
CHAPLIN,2005,48.099999999999994,True
CHAPLIN,2006,48.5,True
CHAPLIN,2007,47.60000000000001,True
CHAPLIN,2008,44.3,True
CHAPLIN,2009,47.0,True
CHAPLIN,2010,45.7,True
CHAPLIN,2011,42.6,True
CHAPLIN,2012,42.6,True
CHAPLIN,2013,41.1,True
CHAPLIN,2014,41.1,True
CHAPLIN,2015,42.5,True
CHAPLIN,2016,41.2,True
CHAPLIN,2017,19.6,True
CHAPLIN,2018,47.0,True
CHESHIRE,2002,243.60000000000002,True
CHESHIRE,2003,722.5,False
CHESHIRE,2004,720.8,False
CHESHIRE,2005,726.9,False
CHESHIRE,2006,709.9,False
CHESHIRE,2007,723.5,False
CHESHIRE,2008,935.5,False
CHESHIRE,2009,737.4000000000001,False
CHESHIRE,2010,722.4000000000001,False
CHESHIRE,2011,724.0000000000001,False
CHESHIRE,2012,722.7,False
CHESHIRE,2013,730.9,False
CHESHIRE,2014,747.5999999999999,False
CHESHIRE,2015,758.0,False
CHESHIRE,2016,776.1,False
CHESHIRE,2017,795.8,False
CHESHIRE,2018,792.2,False
CLINTON,2002,96.7,True
CLINTON,2003,329.70000000000005,False
CLINTON,2004,332.6,False
CLINTON,2005,331.90000000000003,False
CLINTON,2006,335.7,False
CLINTON,2007,339.9,False
CLINTON,2008,338.40000000000003,False
CLINTON,2009,347.3,False
CLINTON,2010,344.4,False
CLINTON,2011,332.3,False
CLINTON,2012,341.40000000000003,False
CLINTON,2013,344.49999999999994,False
CLINTON,2014,343.69999999999993,False
CLINTON,2015,346.4000000000001,False
CLINTON,2016,337.50000000000006,False
CLINTON,2017,349.40000000000003,False
CLINTON,2018,349.79999999999995,False
COLCHESTER,2002,86.2,True
COLCHESTER,2003,398.9,False
COLCHESTER,2004,425.49999999999994,False
COLCHESTER,2005,428.90000000000003,False
COLCHESTER,2006,450.8,False
COLCHESTER,2007,533.8000000000001,False
COLCHESTER,2008,441.4,False
COLCHESTER,2009,459.1,False
COLCHESTER,2010,484.40000000000003,False
COLCHESTER,2011,469.4000000000001,False
COLCHESTER,2012,468.09999999999997,False
COLCHESTER,2013,457.2,False
COLCHESTER,2014,459.80000000000007,False
COLCHESTER,2015,440.9,False
COLCHESTER,2016,440.3,False
COLCHESTER,2017,439.20000000000005,False
COLCHESTER,2018,422.6,False
COLEBROOK,2002,9.9,True
COLEBROOK,2003,29.3,True
COLEBROOK,2004,27.6,True
COLEBROOK,2005,28.7,True
COLEBROOK,2006,27.300000000000004,True
COLEBROOK,2007,27.599999999999998,True
COLEBROOK,2008,27.9,True
COLEBROOK,2009,28.5,True
COLEBROOK,2010,27.1,True
COLEBROOK,2011,24.599999999999998,True
COLEBROOK,2012,25.3,True
COLEBROOK,2013,25.6,True
COLEBROOK,2014,27.799999999999997,True
COLEBROOK,2015,24.700000000000003,True
COLEBROOK,2016,24.0,True
COLEBROOK,2017,25.8,True
COLEBROOK,2018,25.9,True
COLLINSVILLE,2002,91.9,True
COLLINSVILLE,2003,269.0,False
COLLINSVILLE,2004,289.2,False
COLLINSVILLE,2005,296.5,False
COLLINSVILLE,2006,308.4,False
COLLINSVILLE,2007,304.59999999999997,False
COLLINSVILLE,2008,304.6,False
COLLINSVILLE,2009,308.20000000000005,False
COLLINSVILLE,2010,301.0,False
COLLINSVILLE,2011,310.80000000000007,False
COLLINSVILLE,2012,318.9,False
COLLINSVILLE,2013,307.9,False
COLLINSVILLE,2014,319.50000000000006,False
COLLINSVILLE,2015,279.09999999999997,False
COLLINSVILLE,2016,313.9,False
COLLINSVILLE,2017,315.7,False
COLLINSVILLE,2018,314.6,False
COLUMBIA,2002,33.3,True
COLUMBIA,2003,113.1,False
COLUMBIA,2004,115.5,False
COLUMBIA,2005,112.5,False
COLUMBIA,2006,115.2,False
COLUMBIA,2007,116.1,False
COLUMBIA,2008,116.9,False
COLUMBIA,2009,112.0,False
COLUMBIA,2010,105.0,False
COLUMBIA,2011,99.89999999999999,False
COLUMBIA,2012,93.19999999999999,False
COLUMBIA,2013,89.5,False
COLUMBIA,2014,85.2,False
COLUMBIA,2015,86.2,False
COLUMBIA,2016,85.89999999999999,False
COLUMBIA,2017,86.0,False
COLUMBIA,2018,85.7,False
CORNWALL,2002,21.9,True
CORNWALL,2003,29.700000000000003,False
CORNWALL,2004,33.4,False
CORNWALL,2005,29.199999999999996,True
CORNWALL,2006,30.2,False
CORNWALL,2007,30.3,False
CORNWALL,2008,29.2,False
CORNWALL,2009,28.299999999999997,False
CORNWALL,2010,28.2,False
CORNWALL,2011,30.3,True
CORNWALL,2012,30.0,True
CORNWALL,2013,30.4,True
CORNWALL,2014,30.1,True
CORNWALL,2015,28.599999999999998,True
CORNWALL,2016,29.2,True
CORNWALL,2017,30.4,True
CORNWALL,2018,42.10000000000001,True
COVENTRY,2002,82.8,True
COVENTRY,2003,314.2,False
COVENTRY,2004,316.4,False
COVENTRY,2005,316.5,False
COVENTRY,2006,316.5,False
COVENTRY,2007,314.5,True
COVENTRY,2008,315.1,False
COVENTRY,2009,318.6,False
COVENTRY,2010,304.69999999999993,False
COVENTRY,2011,288.09999999999997,False
COVENTRY,2012,305.6,False
COVENTRY,2013,304.69999999999993,False
COVENTRY,2014,304.9,False
COVENTRY,2015,315.5,False
COVENTRY,2016,328.6,False
COVENTRY,2017,340.6,False
COVENTRY,2018,339.69999999999993,False
CROMWELL,2002,82.6,True
CROMWELL,2003,287.2,False
CROMWELL,2004,289.5,False
CROMWELL,2005,286.4,False
CROMWELL,2006,295.0,False
CROMWELL,2007,288.0,False
CROMWELL,2008,288.4,False
CROMWELL,2009,313.5,False
CROMWELL,2010,334.8,False
CROMWELL,2011,320.4,False
CROMWELL,2012,336.9,False
CROMWELL,2013,336.3,False
CROMWELL,2014,333.90000000000003,False
CROMWELL,2015,333.2,False
CROMWELL,2016,331.8,False
CROMWELL,2017,338.1,False
CROMWELL,2018,334.9,False
DANBURY,2002,301.2,True
DANBURY,2003,1266.3,False
DANBURY,2004,1310.9,False
DANBURY,2005,1331.5,False
DANBURY,2006,1338.5,False
DANBURY,2007,1417.4,False
DANBURY,2008,1433.6999999999998,False
DANBURY,2009,1432.6000000000001,False
DANBURY,2010,1437.5,False
DANBURY,2011,1458.1000000000001,False
DANBURY,2012,1412.3000000000002,False
DANBURY,2013,1443.4000000000003,False
DANBURY,2014,1536.9,False
DANBURY,2015,1613.3999999999999,False
DANBURY,2016,1634.4,False
DANBURY,2017,1677.8999999999999,False
DANBURY,2018,1657.0,False
DANIELSON,2002,157.1,True
DANIELSON,2003,436.3,False
DANIELSON,2004,441.4,False
DANIELSON,2005,454.59999999999997,False
DANIELSON,2006,459.8,False
DANIELSON,2007,476.79999999999995,False
DANIELSON,2008,488.9,False
DANIELSON,2009,481.40000000000003,False
DANIELSON,2010,523.0,False
DANIELSON,2011,537.0999999999999,False
DANIELSON,2012,460.0,False
DANIELSON,2013,445.09999999999997,False
DANIELSON,2014,473.1,False
DANIELSON,2015,509.1,False
DANIELSON,2016,507.5,False
DANIELSON,2017,536.5999999999999,False
DANIELSON,2018,512.9,False
DARIEN,2002,187.5,True
DARIEN,2003,647.2,False
DARIEN,2004,676.6,False
DARIEN,2005,684.6999999999999,False
DARIEN,2006,706.5999999999999,False
DARIEN,2007,727.7,False
DARIEN,2008,736.6,False
DARIEN,2009,745.2,False
DARIEN,2010,744.6,False
DARIEN,2011,740.6000000000001,False
DARIEN,2012,729.6999999999999,False
DARIEN,2013,727.5,False
DARIEN,2014,784.4000000000001,False
DARIEN,2015,798.3000000000001,False
DARIEN,2016,826.6999999999999,False
DARIEN,2017,828.5,False
DARIEN,2018,830.4,False
DEEP RIVER,2002,82.0,True
DEEP RIVER,2003,225.9000000000001,False
DEEP RIVER,2004,225.10000000000008,False
DEEP RIVER,2005,219.60000000000002,False
DEEP RIVER,2006,220.30000000000004,False
DEEP RIVER,2007,221.90000000000003,False
DEEP RIVER,2008,214.50000000000006,False
DEEP RIVER,2009,214.1,False
DEEP RIVER,2010,209.60000000000002,False
DEEP RIVER,2011,211.1,False
DEEP RIVER,2012,212.3,False
DEEP RIVER,2013,209.4,False
DEEP RIVER,2014,207.5,False
DEEP RIVER,2015,200.89999999999998,False
DEEP RIVER,2016,196.2,False
DEEP RIVER,2017,188.89999999999998,False
DEEP RIVER,2018,179.0,False
DERBY,2002,62.3,True
DERBY,2003,208.39999999999998,False
DERBY,2004,214.70000000000002,False
DERBY,2005,218.7,False
DERBY,2006,221.6,False
DERBY,2007,216.7,False
DERBY,2008,234.0,False
DERBY,2009,222.5,False
DERBY,2010,213.1,True
DERBY,2011,222.4,True
DERBY,2012,220.70000000000002,True
DERBY,2013,225.2,False
DERBY,2014,248.10000000000002,False
DERBY,2015,256.29999999999995,False
DERBY,2016,261.8,True
DERBY,2017,249.2,False
DERBY,2018,264.2,False
EAST GRANBY,2002,33.900000000000006,True
EAST GRANBY,2003,129.4,False
EAST GRANBY,2004,129.5,False
EAST GRANBY,2005,138.00000000000003,False
EAST GRANBY,2006,142.1,False
EAST GRANBY,2007,147.1,False
EAST GRANBY,2008,151.50000000000003,False
EAST GRANBY,2009,149.9,False
EAST GRANBY,2010,150.79999999999998,False
EAST GRANBY,2011,160.4,False
EAST GRANBY,2012,160.4,False
EAST GRANBY,2013,160.4,False
EAST GRANBY,2014,157.9,False
EAST GRANBY,2015,160.2,False
EAST GRANBY,2016,170.3,False
EAST GRANBY,2017,175.10000000000002,False
EAST GRANBY,2018,173.29999999999998,False
EAST HAMPTON,2002,77.0,True
EAST HAMPTON,2003,287.0,False
EAST HAMPTON,2004,285.1,False
EAST HAMPTON,2005,292.1,False
EAST HAMPTON,2006,301.5,False
EAST HAMPTON,2007,310.6,False
EAST HAMPTON,2008,323.8,False
EAST HAMPTON,2009,343.9,False
EAST HAMPTON,2010,336.4,False
EAST HAMPTON,2011,338.8,False
EAST HAMPTON,2012,330.3,False
EAST HAMPTON,2013,321.0,False
EAST HAMPTON,2014,320.59999999999997,False
EAST HAMPTON,2015,308.0,False
EAST HAMPTON,2016,298.9,False
EAST HAMPTON,2017,306.09999999999997,False
EAST HAMPTON,2018,310.4,False
EAST HARTFORD,2002,285.0,True
EAST HARTFORD,2003,988.9,False
EAST HARTFORD,2004,1021.6999999999999,False
EAST HARTFORD,2005,1096.7,False
EAST HARTFORD,2006,1200.7999999999997,False
EAST HARTFORD,2007,1232.9,False
EAST HARTFORD,2008,1241.0,False
EAST HARTFORD,2009,1270.1,False
EAST HARTFORD,2010,1226.1,False
EAST HARTFORD,2011,1240.2,False
EAST HARTFORD,2012,1243.5000000000002,False
EAST HARTFORD,2013,1253.9,False
EAST HARTFORD,2014,1271.5000000000002,False
EAST HARTFORD,2015,1349.5,False
EAST HARTFORD,2016,1356.9,False
EAST HARTFORD,2017,1366.6,False
EAST HARTFORD,2018,1348.3000000000002,False
EAST HARTLAND,2002,7.8,True
EAST HARTLAND,2003,36.4,False
EAST HARTLAND,2004,34.9,True
EAST HARTLAND,2005,33.0,False
EAST HARTLAND,2006,34.099999999999994,False
EAST HARTLAND,2007,32.0,False
EAST HARTLAND,2008,32.900000000000006,False
EAST HARTLAND,2009,34.900000000000006,False
EAST HARTLAND,2010,32.900000000000006,False
EAST HARTLAND,2011,35.1,False
EAST HARTLAND,2012,33.3,True
EAST HARTLAND,2013,34.199999999999996,False
EAST HARTLAND,2014,34.699999999999996,False
EAST HARTLAND,2015,32.699999999999996,True
EAST HARTLAND,2016,35.5,True
EAST HARTLAND,2017,34.5,True
EAST HARTLAND,2018,33.8,True
EAST HAVEN,2002,140.8,True
EAST HAVEN,2003,540.1,False
EAST HAVEN,2004,533.4,False
EAST HAVEN,2005,551.3,False
EAST HAVEN,2006,544.6,False
EAST HAVEN,2007,570.8,False
EAST HAVEN,2008,561.9,False
EAST HAVEN,2009,564.3,False
EAST HAVEN,2010,557.9,False
EAST HAVEN,2011,500.4,False
EAST HAVEN,2012,479.80000000000007,False
EAST HAVEN,2013,457.0,False
EAST HAVEN,2014,497.40000000000003,False
EAST HAVEN,2015,543.3,False
EAST HAVEN,2016,515.8,False
EAST HAVEN,2017,506.4,False
EAST HAVEN,2018,511.79999999999995,False
EAST LYME,2002,202.0,True
EAST LYME,2003,515.1,False
EAST LYME,2004,535.8,False
EAST LYME,2005,533.8,False
EAST LYME,2006,547.8,False
EAST LYME,2007,535.1999999999998,False
EAST LYME,2008,523.1,False
EAST LYME,2009,500.9,False
EAST LYME,2010,525.0,False
EAST LYME,2011,571.5,False
EAST LYME,2012,523.8999999999999,False
EAST LYME,2013,524.5999999999999,False
EAST LYME,2014,538.5,False
EAST LYME,2015,564.9,False
EAST LYME,2016,554.5999999999999,False
EAST LYME,2017,557.5999999999999,False
EAST LYME,2018,539.7,False
EAST WINDSOR,2002,42.9,True
EAST WINDSOR,2003,230.7,False
EAST WINDSOR,2004,234.9,False
EAST WINDSOR,2005,230.39999999999998,True
EAST WINDSOR,2006,120.0,True
EAST WINDSOR,2007,231.9,False
EAST WINDSOR,2008,231.50000000000003,False
EAST WINDSOR,2009,240.1,False
EAST WINDSOR,2010,193.9,False
EAST WINDSOR,2011,225.50000000000003,False
EAST WINDSOR,2012,123.2,True
EAST WINDSOR,2013,229.70000000000002,False
EAST WINDSOR,2014,227.0,False
EAST WINDSOR,2015,238.0,False
EAST WINDSOR,2016,245.0,False
EAST WINDSOR,2017,273.7,False
EAST WINDSOR,2018,273.5,False
EASTFORD,2002,8.5,True
EASTFORD,2003,34.6,False
EASTFORD,2004,32.4,False
EASTFORD,2005,33.6,False
EASTFORD,2006,32.5,False
EASTFORD,2007,30.8,False
EASTFORD,2008,31.200000000000003,True
EASTFORD,2009,33.3,True
EASTFORD,2010,34.3,True
EASTFORD,2011,34.400000000000006,True
EASTFORD,2012,37.5,True
EASTFORD,2013,35.2,True
EASTFORD,2014,36.8,True
EASTFORD,2015,36.2,True
EASTFORD,2016,35.4,True
EASTFORD,2017,36.9,True
EASTFORD,2018,35.800000000000004,True
EASTON,2002,122.80000000000001,True
EASTON,2003,429.80000000000007,False
EASTON,2004,432.70000000000005,False
EASTON,2005,465.0,False
EASTON,2006,400.0,False
EASTON,2007,364.3,False
EASTON,2008,789.1000000000001,False
EASTON,2009,394.0,False
EASTON,2010,391.1,False
EASTON,2011,382.8,False
EASTON,2012,522.7,False
EASTON,2013,368.69999999999993,False
EASTON,2014,382.09999999999997,False
EASTON,2015,365.6,False
EASTON,2016,362.7,True
EASTON,2017,349.8,True
EASTON,2018,380.7,False
ELLINGTON,2002,92.0,True
ELLINGTON,2003,360.6,False
ELLINGTON,2004,352.6,False
ELLINGTON,2005,367.20000000000005,False
ELLINGTON,2006,365.50000000000006,False
ELLINGTON,2007,374.90000000000003,False
ELLINGTON,2008,379.40000000000003,False
ELLINGTON,2009,385.70000000000005,False
ELLINGTON,2010,381.8,False
ELLINGTON,2011,387.6,False
ELLINGTON,2012,404.9000000000001,False
ELLINGTON,2013,413.2,False
ELLINGTON,2014,415.0,False
ELLINGTON,2015,425.90000000000003,False
ELLINGTON,2016,422.2,False
ELLINGTON,2017,449.1,False
ELLINGTON,2018,447.79999999999995,False
ENFIELD,2002,263.9,True
ENFIELD,2003,934.5999999999999,False
ENFIELD,2004,919.4,False
ENFIELD,2005,927.5,False
ENFIELD,2006,943.1,False
ENFIELD,2007,953.1999999999999,False
ENFIELD,2008,964.6999999999999,False
ENFIELD,2009,926.3999999999997,False
ENFIELD,2010,927.6999999999999,False
ENFIELD,2011,811.7999999999998,False
ENFIELD,2012,795.0,False
ENFIELD,2013,814.6,False
ENFIELD,2014,834.8000000000001,False
ENFIELD,2015,842.2000000000002,False
ENFIELD,2016,830.3,False
ENFIELD,2017,844.8000000000001,False
ENFIELD,2018,863.4,False
FAIRFIELD,2002,456.79999999999995,True
FAIRFIELD,2003,1188.3,False
FAIRFIELD,2004,1442.3,False
FAIRFIELD,2005,1513.9,False
FAIRFIELD,2006,1531.8,False
FAIRFIELD,2007,1554.7999999999997,False
FAIRFIELD,2008,1615.9999999999998,False
FAIRFIELD,2009,1649.9999999999998,False
FAIRFIELD,2010,1648.8999999999999,False
FAIRFIELD,2011,1684.4,False
FAIRFIELD,2012,1669.3,False
FAIRFIELD,2013,1672.6,False
FAIRFIELD,2014,1673.9,False
FAIRFIELD,2015,1660.4,False
FAIRFIELD,2016,1706.3999999999999,False
FAIRFIELD,2017,1704.2,False
FAIRFIELD,2018,1720.2999999999997,False
FALLS VILLAGE,2002,6.2,True
FALLS VILLAGE,2003,24.2,False
FALLS VILLAGE,2004,23.299999999999997,False
FALLS VILLAGE,2005,22.000000000000004,False
FALLS VILLAGE,2006,22.099999999999998,False
FALLS VILLAGE,2007,21.8,False
FALLS VILLAGE,2008,22.1,False
FALLS VILLAGE,2009,21.599999999999998,False
FALLS VILLAGE,2010,22.2,False
FALLS VILLAGE,2011,21.700000000000003,False
FALLS VILLAGE,2012,22.3,False
FALLS VILLAGE,2013,22.3,False
FALLS VILLAGE,2014,21.900000000000006,False
FALLS VILLAGE,2015,21.8,True
FALLS VILLAGE,2016,22.1,True
FALLS VILLAGE,2017,19.8,True
FALLS VILLAGE,2018,19.900000000000002,True
FARMINGTON,2002,130.6,True
FARMINGTON,2003,592.9,False
FARMINGTON,2004,592.3000000000001,False
FARMINGTON,2005,614.8,False
FARMINGTON,2006,621.0,False
FARMINGTON,2007,618.0999999999999,False
FARMINGTON,2008,621.5000000000001,False
FARMINGTON,2009,625.6999999999998,False
FARMINGTON,2010,605.3000000000001,False
FARMINGTON,2011,607.1999999999999,False
FARMINGTON,2012,615.0999999999999,False
FARMINGTON,2013,635.9,False
FARMINGTON,2014,664.5,False
FARMINGTON,2015,690.1999999999999,False
FARMINGTON,2016,717.5,False
FARMINGTON,2017,716.5000000000001,False
FARMINGTON,2018,719.2,False
GLASTONBURY,2002,290.8,True
GLASTONBURY,2003,953.9,False
GLASTONBURY,2004,942.8000000000001,False
GLASTONBURY,2005,859.5,False
GLASTONBURY,2006,973.8000000000001,False
GLASTONBURY,2007,995.4,False
GLASTONBURY,2008,1035.7999999999997,False
GLASTONBURY,2009,1042.6,False
GLASTONBURY,2010,1024.6,False
GLASTONBURY,2011,1024.9,False
GLASTONBURY,2012,1038.1,False
GLASTONBURY,2013,1061.3,False
GLASTONBURY,2014,1056.0,False
GLASTONBURY,2015,1024.1999999999998,False
GLASTONBURY,2016,1062.5000000000002,False
GLASTONBURY,2017,1055.8,False
GLASTONBURY,2018,1059.6000000000001,False
GRANBY,2002,92.0,True
GRANBY,2003,323.1,False
GRANBY,2004,335.9,False
GRANBY,2005,354.8,False
GRANBY,2006,359.0,False
GRANBY,2007,366.2,False
GRANBY,2008,362.20000000000005,False
GRANBY,2009,369.1,False
GRANBY,2010,360.29999999999995,False
GRANBY,2011,367.4,False
GRANBY,2012,364.90000000000003,False
GRANBY,2013,358.90000000000003,False
GRANBY,2014,343.40000000000003,False
GRANBY,2015,336.59999999999997,False
GRANBY,2016,337.0,False
GRANBY,2017,326.80000000000007,False
GRANBY,2018,321.79999999999995,False
GREENWICH,2002,484.7,True
GREENWICH,2003,1529.3000000000002,False
GREENWICH,2004,1573.6999999999998,False
GREENWICH,2005,1410.3000000000002,False
GREENWICH,2006,1497.4999999999998,False
GREENWICH,2007,1473.6999999999998,False
GREENWICH,2008,1494.3999999999999,False
GREENWICH,2009,1506.3,False
GREENWICH,2010,1507.6000000000001,False
GREENWICH,2011,1523.5,False
GREENWICH,2012,1536.8000000000002,False
GREENWICH,2013,1515.1000000000001,False
GREENWICH,2014,1517.0000000000005,False
GREENWICH,2015,1533.9,False
GREENWICH,2016,1506.9,False
GREENWICH,2017,1524.1000000000001,False
GREENWICH,2018,1545.2999999999997,False
GRISWOLD,2002,76.4,True
GRISWOLD,2003,280.8,False
GRISWOLD,2004,335.2,False
GRISWOLD,2005,337.8,False
GRISWOLD,2006,345.8,False
GRISWOLD,2007,344.6,False
GRISWOLD,2008,349.20000000000005,False
GRISWOLD,2009,344.5,False
GRISWOLD,2010,350.2,False
GRISWOLD,2011,335.49999999999994,False
GRISWOLD,2012,344.09999999999997,False
GRISWOLD,2013,339.1,False
GRISWOLD,2014,341.90000000000003,False
GRISWOLD,2015,332.40000000000003,False
GRISWOLD,2016,351.6,False
GRISWOLD,2017,354.1,False
GRISWOLD,2018,360.09999999999997,False
GUILFORD,2002,115.0,True
GUILFORD,2003,581.0,False
GUILFORD,2004,579.3,False
GUILFORD,2005,588.2,False
GUILFORD,2006,576.9000000000001,False
GUILFORD,2007,578.6,False
GUILFORD,2008,584.5000000000001,False
GUILFORD,2009,599.5,False
GUILFORD,2010,604.0,False
GUILFORD,2011,591.8,False
GUILFORD,2012,590.1,False
GUILFORD,2013,591.5,False
GUILFORD,2014,595.3,False
GUILFORD,2015,617.1,False
GUILFORD,2016,610.6999999999999,False
GUILFORD,2017,598.7,False
GUILFORD,2018,597.3,False
HAMDEN,2002,248.0,True
HAMDEN,2003,945.9999999999999,False
HAMDEN,2004,936.8000000000001,False
HAMDEN,2005,969.0,False
HAMDEN,2006,1006.8999999999999,False
HAMDEN,2007,1031.6000000000001,False
HAMDEN,2008,1078.8999999999999,False
HAMDEN,2009,1010.0999999999999,False
HAMDEN,2010,1009.9999999999999,False
HAMDEN,2011,1024.5,False
HAMDEN,2012,1021.3,False
HAMDEN,2013,1040.5,False
HAMDEN,2014,1052.2,False
HAMDEN,2015,1059.8,False
HAMDEN,2016,1055.8,False
HAMDEN,2017,1046.5,False
HAMDEN,2018,1050.8,False
HAMPTON,2002,11.899999999999999,True
HAMPTON,2003,33.7,False
HAMPTON,2004,33.2,False
HAMPTON,2005,33.6,False
HAMPTON,2006,31.4,False
HAMPTON,2007,34.7,False
HAMPTON,2008,33.199999999999996,True
HAMPTON,2009,34.2,False
HAMPTON,2010,36.30000000000001,False
HAMPTON,2011,37.20000000000001,False
HAMPTON,2012,36.60000000000001,False
HAMPTON,2013,34.1,False
HAMPTON,2014,33.6,True
HAMPTON,2015,32.199999999999996,True
HAMPTON,2016,31.500000000000004,True
HAMPTON,2017,30.9,True
HAMPTON,2018,34.1,True
HARTFORD,2002,1511.0,True
HARTFORD,2003,4148.1,False
HARTFORD,2004,3395.8,False
HARTFORD,2005,3573.6,False
HARTFORD,2006,3719.7000000000003,False
HARTFORD,2007,3803.9,False
HARTFORD,2008,3277.7,False
HARTFORD,2009,3333.399999999999,False
HARTFORD,2010,3174.0,False
HARTFORD,2011,3098.2999999999997,False
HARTFORD,2012,3156.5000000000005,False
HARTFORD,2013,3284.0,False
HARTFORD,2014,3368.9999999999995,False
HARTFORD,2015,3505.2999999999997,False
HARTFORD,2016,3717.2000000000003,False
HARTFORD,2017,3254.4,False
HARTFORD,2018,3141.5,False
HEBRON,2002,46.8,True
HEBRON,2003,86.20000000000002,True
HEBRON,2004,89.3,True
HEBRON,2005,91.9,True
HEBRON,2006,152.6,False
HEBRON,2007,183.60000000000002,False
HEBRON,2008,168.20000000000002,False
HEBRON,2009,172.60000000000002,False
HEBRON,2010,177.1,False
HEBRON,2011,177.7,False
HEBRON,2012,169.5,False
HEBRON,2013,168.70000000000002,False
HEBRON,2014,163.20000000000002,True
HEBRON,2015,158.1,False
HEBRON,2016,152.5,False
HEBRON,2017,151.1,False
HEBRON,2018,145.20000000000002,False
KENT,2002,26.5,True
KENT,2003,50.1,False
KENT,2004,53.1,False
KENT,2005,50.7,False
KENT,2006,50.80000000000001,False
KENT,2007,50.10000000000001,False
KENT,2008,49.2,False
KENT,2009,50.1,False
KENT,2010,50.5,False
KENT,2011,52.2,False
KENT,2012,53.6,False
KENT,2013,52.9,False
KENT,2014,52.3,False
KENT,2015,54.29999999999999,False
KENT,2016,51.7,True
KENT,2017,50.39999999999999,True
KENT,2018,70.29999999999998,False
LAKEVILLE,2002,19.599999999999998,True
LAKEVILLE,2003,45.7,True
LAKEVILLE,2004,66.6,False
LAKEVILLE,2005,65.69999999999999,False
LAKEVILLE,2006,62.7,False
LAKEVILLE,2007,62.3,False
LAKEVILLE,2008,59.3,False
LAKEVILLE,2009,60.199999999999996,False
LAKEVILLE,2010,60.199999999999996,False
LAKEVILLE,2011,59.099999999999994,False
LAKEVILLE,2012,59.099999999999994,False
LAKEVILLE,2013,56.3,True
LAKEVILLE,2014,60.199999999999996,True
LAKEVILLE,2015,57.8,False
LAKEVILLE,2016,58.699999999999996,True
LAKEVILLE,2017,57.5,True
LAKEVILLE,2018,81.2,True
LEBANON,2002,43.0,True
LEBANON,2003,215.00000000000003,False
LEBANON,2004,216.3,False
LEBANON,2005,216.0,False
LEBANON,2006,222.89999999999998,False
LEBANON,2007,220.5,False
LEBANON,2008,221.70000000000002,False
LEBANON,2009,226.4,False
LEBANON,2010,225.5,False
LEBANON,2011,218.4,False
LEBANON,2012,216.9,False
LEBANON,2013,210.4,False
LEBANON,2014,208.8,False
LEBANON,2015,203.29999999999998,False
LEBANON,2016,202.39999999999998,False
LEBANON,2017,209.60000000000002,False
LEBANON,2018,209.2,False
LEDYARD,2002,89.9,True
LEDYARD,2003,398.8,False
LEDYARD,2004,400.6,False
LEDYARD,2005,401.4,False
LEDYARD,2006,414.09999999999997,False
LEDYARD,2007,415.8,False
LEDYARD,2008,434.8999999999999,False
LEDYARD,2009,442.40000000000003,False
LEDYARD,2010,425.29999999999995,False
LEDYARD,2011,417.6,False
LEDYARD,2012,420.7,False
LEDYARD,2013,421.4,False
LEDYARD,2014,421.29999999999995,False
LEDYARD,2015,399.9,False
LEDYARD,2016,406.7,False
LEDYARD,2017,394.40000000000003,False
LEDYARD,2018,398.9,False
LISBON,2002,14.0,True
LISBON,2003,76.60000000000001,False
LISBON,2004,79.10000000000001,False
LISBON,2005,92.0,False
LISBON,2006,79.80000000000001,False
LISBON,2007,81.7,False
LISBON,2008,78.9,True
LISBON,2009,83.99999999999999,True
LISBON,2010,84.69999999999999,True
LISBON,2011,91.5,True
LISBON,2012,93.2,True
LISBON,2013,85.8,True
LISBON,2014,77.9,True
LISBON,2015,77.0,False
LISBON,2016,75.5,False
LISBON,2017,77.0,False
LISBON,2018,76.0,False
LITCHFIELD,2002,50.8,True
LITCHFIELD,2003,205.7,False
LITCHFIELD,2004,204.5,False
LITCHFIELD,2005,207.70000000000002,False
LITCHFIELD,2006,201.3,False
LITCHFIELD,2007,203.2,False
LITCHFIELD,2008,208.79999999999998,False
LITCHFIELD,2009,205.0,False
LITCHFIELD,2010,208.8,False
LITCHFIELD,2011,199.6,False
LITCHFIELD,2012,194.9,False
LITCHFIELD,2013,193.6,False
LITCHFIELD,2014,192.8,False
LITCHFIELD,2015,176.10000000000002,False
LITCHFIELD,2016,186.3,False
LITCHFIELD,2017,188.20000000000002,False
LITCHFIELD,2018,200.4,False
MADISON,2002,105.7,True
MADISON,2003,374.2,False
MADISON,2004,477.6,False
MADISON,2005,535.0,False
MADISON,2006,526.4,False
MADISON,2007,556.6,False
MADISON,2008,581.7,False
MADISON,2009,588.7000000000002,False
MADISON,2010,611.2,False
MADISON,2011,609.5,False
MADISON,2012,592.4,False
MADISON,2013,590.2999999999998,False
MADISON,2014,587.9,False
MADISON,2015,594.9,False
MADISON,2016,605.3,False
MADISON,2017,614.2,False
MADISON,2018,635.9,False
MANCHESTER,2002,386.5,True
MANCHESTER,2003,1165.3,False
MANCHESTER,2004,1139.2,False
MANCHESTER,2005,1130.7,False
MANCHESTER,2006,1235.9999999999998,False
MANCHESTER,2007,1142.4,False
MANCHESTER,2008,1160.5,False
MANCHESTER,2009,1163.6,False
MANCHESTER,2010,1210.1,False
MANCHESTER,2011,1172.1000000000001,False
MANCHESTER,2012,1230.2000000000003,False
MANCHESTER,2013,1199.0,False
MANCHESTER,2014,1238.8999999999999,False
MANCHESTER,2015,1293.3,False
MANCHESTER,2016,1391.3000000000002,False
MANCHESTER,2017,1293.8999999999999,False
MANCHESTER,2018,1272.7,False
MARLBOROUGH,2002,36.4,True
MARLBOROUGH,2003,104.30000000000001,False
MARLBOROUGH,2004,103.30000000000001,False
MARLBOROUGH,2005,102.4,False
MARLBOROUGH,2006,99.9,False
MARLBOROUGH,2007,99.29999999999998,False
MARLBOROUGH,2008,98.89999999999999,False
MARLBOROUGH,2009,104.1,False
MARLBOROUGH,2010,101.3,False
MARLBOROUGH,2011,98.8,False
MARLBOROUGH,2012,98.8,False
MARLBOROUGH,2013,93.5,False
MARLBOROUGH,2014,89.0,False
MARLBOROUGH,2015,91.7,False
MARLBOROUGH,2016,90.7,True
MARLBOROUGH,2017,90.3,False
MARLBOROUGH,2018,86.6,False
MERIDEN,2002,457.4,True
MERIDEN,2003,1309.3,False
MERIDEN,2004,1279.0,False
MERIDEN,2005,1262.2,False
MERIDEN,2006,1285.3,False
MERIDEN,2007,1251.1999999999998,False
MERIDEN,2008,1269.1,False
MERIDEN,2009,1244.1999999999998,False
MERIDEN,2010,1214.6,False
MERIDEN,2011,1195.6,False
MERIDEN,2012,1177.5,False
MERIDEN,2013,1209.1999999999998,False
MERIDEN,2014,1200.6999999999998,False
MERIDEN,2015,1251.6,False
MERIDEN,2016,1251.3,False
MERIDEN,2017,1291.2,False
MERIDEN,2018,1244.8,False
MIDDLETOWN,2002,252.1,True
MIDDLETOWN,2003,844.0,False
MIDDLETOWN,2004,824.1,False
MIDDLETOWN,2005,808.5999999999999,False
MIDDLETOWN,2006,822.5,False
MIDDLETOWN,2007,821.7,False
MIDDLETOWN,2008,834.1000000000001,False
MIDDLETOWN,2009,823.6,False
MIDDLETOWN,2010,816.7,False
MIDDLETOWN,2011,851.1,False
MIDDLETOWN,2012,843.1,False
MIDDLETOWN,2013,869.6000000000001,False
MIDDLETOWN,2014,825.0999999999999,False
MIDDLETOWN,2015,827.9,False
MIDDLETOWN,2016,882.1999999999999,False
MIDDLETOWN,2017,933.1999999999999,False
MIDDLETOWN,2018,919.2,False
MILFORD,2002,342.70000000000005,True
MILFORD,2003,1080.1,False
MILFORD,2004,1069.8,False
MILFORD,2005,1130.3,False
MILFORD,2006,1138.8,False
MILFORD,2007,1149.3000000000002,False
MILFORD,2008,1256.8,False
MILFORD,2009,1152.3,False
MILFORD,2010,1142.7,False
MILFORD,2011,1190.6999999999998,False
MILFORD,2012,1158.8,False
MILFORD,2013,1150.3000000000002,False
MILFORD,2014,1147.7999999999997,False
MILFORD,2015,1132.3999999999999,False
MILFORD,2016,1127.3999999999999,False
MILFORD,2017,1130.0,False
MILFORD,2018,1123.4,False
MONROE,2002,186.5,True
MONROE,2003,571.3,False
MONROE,2004,590.2,False
MONROE,2005,674.2,False
MONROE,2006,677.6,False
MONROE,2007,576.9,False
MONROE,2008,553.0,False
MONROE,2009,537.4,False
MONROE,2010,592.9,False
MONROE,2011,563.1,False
MONROE,2012,567.9,False
MONROE,2013,558.4000000000001,False
MONROE,2014,556.8000000000001,False
MONROE,2015,557.2,False
MONROE,2016,564.0,False
MONROE,2017,551.4000000000001,False
MONROE,2018,538.5999999999999,False
MOODUS,2002,59.9,True
MOODUS,2003,222.5,False
MOODUS,2004,222.1,False
MOODUS,2005,220.9,False
MOODUS,2006,219.6,False
MOODUS,2007,218.6,False
MOODUS,2008,220.0,False
MOODUS,2009,230.9,False
MOODUS,2010,231.5,False
MOODUS,2011,224.2,False
MOODUS,2012,218.6,False
MOODUS,2013,224.0,False
MOODUS,2014,235.5,False
MOODUS,2015,218.0,False
MOODUS,2016,226.0,False
MOODUS,2017,228.0,False
MOODUS,2018,221.1,False
MYSTIC,2002,297.9,True
MYSTIC,2003,897.4999999999999,False
MYSTIC,2004,855.0999999999999,False
MYSTIC,2005,878.8000000000001,False
MYSTIC,2006,876.9,False
MYSTIC,2007,889.8000000000001,False
MYSTIC,2008,869.0,False
MYSTIC,2009,870.2,False
MYSTIC,2010,910.6,False
MYSTIC,2011,920.0999999999999,False
MYSTIC,2012,879.1999999999999,False
MYSTIC,2013,880.5999999999999,False
MYSTIC,2014,877.8,False
MYSTIC,2015,855.1000000000001,False
MYSTIC,2016,923.4,False
MYSTIC,2017,954.2,False
MYSTIC,2018,917.5,False
NAUGATUCK,2002,259.5,True
NAUGATUCK,2003,684.3,False
NAUGATUCK,2004,645.0,False
NAUGATUCK,2005,642.1,False
NAUGATUCK,2006,637.4000000000001,False
NAUGATUCK,2007,634.8,False
NAUGATUCK,2008,661.3,False
NAUGATUCK,2009,674.1,False
NAUGATUCK,2010,674.8000000000001,False
NAUGATUCK,2011,606.1,False
NAUGATUCK,2012,607.2,False
NAUGATUCK,2013,615.5,False
NAUGATUCK,2014,637.5,False
NAUGATUCK,2015,655.0,False
NAUGATUCK,2016,971.4,False
NAUGATUCK,2017,573.9,False
NAUGATUCK,2018,634.7,False
NEW BRITAIN,2002,406.8,True
NEW BRITAIN,2003,1335.9000000000003,False
NEW BRITAIN,2004,1319.8000000000002,False
NEW BRITAIN,2005,1278.7,False
NEW BRITAIN,2006,1346.1,False
NEW BRITAIN,2007,1369.0,False
NEW BRITAIN,2008,1357.0000000000002,False
NEW BRITAIN,2009,1337.5,False
NEW BRITAIN,2010,1381.6,False
NEW BRITAIN,2011,1356.5,False
NEW BRITAIN,2012,1362.0,False
NEW BRITAIN,2013,1379.4,False
NEW BRITAIN,2014,1237.6,False
NEW BRITAIN,2015,1202.9,False
NEW BRITAIN,2016,1292.3,False
NEW BRITAIN,2017,1297.6,False
NEW BRITAIN,2018,1292.9,False
NEW CANAAN,2002,169.2,True
NEW CANAAN,2003,613.9000000000001,False
NEW CANAAN,2004,632.6,False
NEW CANAAN,2005,647.5999999999999,False
NEW CANAAN,2006,677.2,False
NEW CANAAN,2007,698.3000000000001,False
NEW CANAAN,2008,678.8000000000001,False
NEW CANAAN,2009,691.7,False
NEW CANAAN,2010,723.0000000000001,False
NEW CANAAN,2011,717.6,False
NEW CANAAN,2012,750.9,False
NEW CANAAN,2013,763.0,False
NEW CANAAN,2014,758.7,False
NEW CANAAN,2015,772.1999999999999,False
NEW CANAAN,2016,778.5,False
NEW CANAAN,2017,788.9000000000001,False
NEW CANAAN,2018,786.5999999999999,False
NEW FAIRFIELD,2002,138.7,True
NEW FAIRFIELD,2003,392.9,False
NEW FAIRFIELD,2004,397.9,False
NEW FAIRFIELD,2005,420.9,False
NEW FAIRFIELD,2006,434.5,False
NEW FAIRFIELD,2007,447.5,False
NEW FAIRFIELD,2008,459.4,False
NEW FAIRFIELD,2009,446.7,False
NEW FAIRFIELD,2010,434.7,False
NEW FAIRFIELD,2011,429.4,False
NEW FAIRFIELD,2012,410.59999999999997,False
NEW FAIRFIELD,2013,409.8,False
NEW FAIRFIELD,2014,404.59999999999997,False
NEW FAIRFIELD,2015,411.6,False
NEW FAIRFIELD,2016,398.6,False
NEW FAIRFIELD,2017,401.2,False
NEW FAIRFIELD,2018,405.1,False
NEW HARTFORD,2002,41.5,True
NEW HARTFORD,2003,97.9,False
NEW HARTFORD,2004,101.79999999999998,False
NEW HARTFORD,2005,103.19999999999999,False
NEW HARTFORD,2006,106.5,False
NEW HARTFORD,2007,102.89999999999999,False
NEW HARTFORD,2008,100.80000000000001,False
NEW HARTFORD,2009,122.89999999999999,False
NEW HARTFORD,2010,118.1,False
NEW HARTFORD,2011,114.89999999999999,False
NEW HARTFORD,2012,103.80000000000001,False
NEW HARTFORD,2013,104.6,False
NEW HARTFORD,2014,108.00000000000001,False
NEW HARTFORD,2015,109.6,False
NEW HARTFORD,2016,100.9,False
NEW HARTFORD,2017,102.1,False
NEW HARTFORD,2018,97.0,False
NEW HAVEN,2002,1044.4,True
NEW HAVEN,2003,3049.6,False
NEW HAVEN,2004,3049.7000000000003,False
NEW HAVEN,2005,3214.1,False
NEW HAVEN,2006,3308.2000000000003,False
NEW HAVEN,2007,3150.7999999999997,False
NEW HAVEN,2008,3160.0999999999995,False
NEW HAVEN,2009,3173.6,False
NEW HAVEN,2010,3154.3999999999996,False
NEW HAVEN,2011,3275.4,False
NEW HAVEN,2012,3178.5,False
NEW HAVEN,2013,3105.7,False
NEW HAVEN,2014,4053.3999999999996,False
NEW HAVEN,2015,3781.4000000000005,False
NEW HAVEN,2016,3235.2,False
NEW HAVEN,2017,3320.2,False
NEW HAVEN,2018,3466.8999999999996,False
NEW LONDON,2002,129.5,True
NEW LONDON,2003,504.40000000000003,False
NEW LONDON,2004,452.49999999999994,False
NEW LONDON,2005,470.90000000000003,False
NEW LONDON,2006,447.4,False
NEW LONDON,2007,457.3,False
NEW LONDON,2008,482.9000000000001,False
NEW LONDON,2009,503.49999999999994,False
NEW LONDON,2010,482.90000000000003,False
NEW LONDON,2011,473.2,False
NEW LONDON,2012,493.3,False
NEW LONDON,2013,453.2,False
NEW LONDON,2014,473.8,False
NEW LONDON,2015,511.6,False
NEW LONDON,2016,557.1,True
NEW LONDON,2017,313.40000000000003,True
NEW LONDON,2018,687.1999999999999,True
NEW MILFORD,2002,248.0,True
NEW MILFORD,2003,743.0000000000001,False
NEW MILFORD,2004,740.3000000000001,False
NEW MILFORD,2005,741.1,False
NEW MILFORD,2006,759.1,False
NEW MILFORD,2007,764.1000000000001,False
NEW MILFORD,2008,769.8000000000001,False
NEW MILFORD,2009,809.4,False
NEW MILFORD,2010,809.8000000000001,False
NEW MILFORD,2011,774.0,False
NEW MILFORD,2012,781.2999999999998,False
NEW MILFORD,2013,786.8000000000001,False
NEW MILFORD,2014,759.3,False
NEW MILFORD,2015,769.8,False
NEW MILFORD,2016,759.4,False
NEW MILFORD,2017,775.4999999999999,False
NEW MILFORD,2018,754.7,False
NEWINGTON,2002,165.5,True
NEWINGTON,2003,594.5,False
NEWINGTON,2004,628.8,False
NEWINGTON,2005,614.7,False
NEWINGTON,2006,634.8,False
NEWINGTON,2007,630.8,False
NEWINGTON,2008,635.7,False
NEWINGTON,2009,653.6000000000001,False
NEWINGTON,2010,652.1,False
NEWINGTON,2011,648.4000000000001,False
NEWINGTON,2012,629.6999999999999,False
NEWINGTON,2013,652.3,False
NEWINGTON,2014,665.8,False
NEWINGTON,2015,671.4000000000001,False
NEWINGTON,2016,675.5,False
NEWINGTON,2017,676.1,False
NEWINGTON,2018,670.5,False
NEWTOWN,2002,217.10000000000002,True
NEWTOWN,2003,666.3,False
NEWTOWN,2004,768.8000000000001,False
NEWTOWN,2005,790.4000000000002,False
NEWTOWN,2006,799.6,False
NEWTOWN,2007,808.6,False
NEWTOWN,2008,833.4000000000001,False
NEWTOWN,2009,868.1,False
NEWTOWN,2010,869.8,False
NEWTOWN,2011,839.3000000000001,False
NEWTOWN,2012,827.6,False
NEWTOWN,2013,830.2000000000002,False
NEWTOWN,2014,861.8000000000001,False
NEWTOWN,2015,844.1,False
NEWTOWN,2016,829.4000000000001,False
NEWTOWN,2017,820.6999999999999,False
NEWTOWN,2018,814.0,False
NORFOLK,2002,9.1,True
NORFOLK,2003,32.1,False
NORFOLK,2004,32.4,False
NORFOLK,2005,33.800000000000004,False
NORFOLK,2006,31.799999999999997,False
NORFOLK,2007,32.5,False
NORFOLK,2008,33.2,False
NORFOLK,2009,33.2,False
NORFOLK,2010,32.7,False
NORFOLK,2011,32.599999999999994,False
NORFOLK,2012,31.299999999999997,False
NORFOLK,2013,30.7,False
NORFOLK,2014,28.299999999999997,False
NORFOLK,2015,28.1,True
NORFOLK,2016,27.4,True
NORFOLK,2017,25.9,True
NORFOLK,2018,26.5,True
NORTH FRANKLIN,2002,13.6,True
NORTH FRANKLIN,2003,39.7,True
NORTH FRANKLIN,2004,38.5,True
NORTH FRANKLIN,2005,37.9,True
NORTH FRANKLIN,2006,38.300000000000004,True
NORTH FRANKLIN,2007,38.400000000000006,True
NORTH FRANKLIN,2008,39.900000000000006,True
NORTH FRANKLIN,2009,40.1,True
NORTH FRANKLIN,2010,38.4,True
NORTH FRANKLIN,2011,35.0,True
NORTH FRANKLIN,2012,17.4,True
NORTH FRANKLIN,2013,32.0,True
NORTH FRANKLIN,2014,16.4,True
NORTH FRANKLIN,2015,30.3,True
NORTH FRANKLIN,2016,32.1,True
NORTH FRANKLIN,2017,35.400000000000006,True
NORTH FRANKLIN,2018,35.8,True
NORTH GROSVENOR,2002,64.1,True
NORTH GROSVENOR,2003,208.2,False
NORTH GROSVENOR,2004,207.1,False
NORTH GROSVENOR,2005,211.7,False
NORTH GROSVENOR,2006,219.20000000000002,False
NORTH GROSVENOR,2007,224.8,False
NORTH GROSVENOR,2008,224.7,False
NORTH GROSVENOR,2009,216.5,False
NORTH GROSVENOR,2010,213.50000000000003,False
NORTH GROSVENOR,2011,191.50000000000003,False
NORTH GROSVENOR,2012,196.6,False
NORTH GROSVENOR,2013,189.9,True
NORTH GROSVENOR,2014,174.00000000000003,False
NORTH GROSVENOR,2015,151.2,False
NORTH GROSVENOR,2016,155.60000000000002,False
NORTH GROSVENOR,2017,171.2,False
NORTH GROSVENOR,2018,168.0,False
NORTH HAVEN,2002,141.0,True
NORTH HAVEN,2003,504.3,False
NORTH HAVEN,2004,499.1,False
NORTH HAVEN,2005,497.6,False
NORTH HAVEN,2006,532.2,False
NORTH HAVEN,2007,510.90000000000003,False
NORTH HAVEN,2008,521.0,False
NORTH HAVEN,2009,528.4,False
NORTH HAVEN,2010,519.8000000000001,False
NORTH HAVEN,2011,510.0,False
NORTH HAVEN,2012,508.5,False
NORTH HAVEN,2013,501.80000000000007,False
NORTH HAVEN,2014,497.1,False
NORTH HAVEN,2015,507.1,False
NORTH HAVEN,2016,494.40000000000003,False
NORTH HAVEN,2017,523.7,False
NORTH HAVEN,2018,518.8,False
NORTH STONINGTON,2002,38.6,True
NORTH STONINGTON,2003,167.8,False
NORTH STONINGTON,2004,162.90000000000003,False
NORTH STONINGTON,2005,169.2,False
NORTH STONINGTON,2006,167.6,False
NORTH STONINGTON,2007,171.60000000000002,False
NORTH STONINGTON,2008,169.0,False
NORTH STONINGTON,2009,166.60000000000002,False
NORTH STONINGTON,2010,160.89999999999998,False
NORTH STONINGTON,2011,159.5,False
NORTH STONINGTON,2012,157.0,False
NORTH STONINGTON,2013,153.4,False
NORTH STONINGTON,2014,156.2,False
NORTH STONINGTON,2015,155.20000000000002,False
NORTH STONINGTON,2016,155.1,False
NORTH STONINGTON,2017,157.9,False
NORTH STONINGTON,2018,152.4,False
NORTHFORD,2002,111.4,True
NORTHFORD,2003,340.7,False
NORTHFORD,2004,352.50000000000006,False
NORTHFORD,2005,351.3,False
NORTHFORD,2006,362.90000000000003,False
NORTHFORD,2007,371.9,False
NORTHFORD,2008,370.29999999999995,False
NORTHFORD,2009,386.0,False
NORTHFORD,2010,372.3,False
NORTHFORD,2011,373.29999999999995,False
NORTHFORD,2012,370.69999999999993,False
NORTHFORD,2013,375.0,False
NORTHFORD,2014,336.1,False
NORTHFORD,2015,353.6,False
NORTHFORD,2016,341.6,False
NORTHFORD,2017,338.5,False
NORTHFORD,2018,331.4,False
NORWALK,2002,508.4,True
NORWALK,2003,1500.9,False
NORWALK,2004,1493.6999999999998,False
NORWALK,2005,1516.9999999999995,False
NORWALK,2006,1576.9999999999998,False
NORWALK,2007,1565.9,False
NORWALK,2008,1602.5000000000002,False
NORWALK,2009,1621.8000000000002,False
NORWALK,2010,956.0,True
NORWALK,2011,1595.1,False
NORWALK,2012,988.8000000000001,True
NORWALK,2013,909.6,True
NORWALK,2014,1512.2999999999997,False
NORWALK,2015,1530.1,False
NORWALK,2016,2369.7999999999997,False
NORWALK,2017,1361.2,False
NORWALK,2018,1760.5,False
NORWICH,2002,182.8,True
NORWICH,2003,600.3,False
NORWICH,2004,649.4,False
NORWICH,2005,660.3000000000001,False
NORWICH,2006,698.8,False
NORWICH,2007,689.8999999999999,False
NORWICH,2008,703.2,False
NORWICH,2009,701.8000000000001,False
NORWICH,2010,654.8000000000001,False
NORWICH,2011,614.8,False
NORWICH,2012,627.8000000000001,False
NORWICH,2013,662.3,False
NORWICH,2014,673.5,False
NORWICH,2015,704.4,False
NORWICH,2016,697.0,False
NORWICH,2017,700.0,False
NORWICH,2018,686.0,False
OAKDALE,2002,147.5,True
OAKDALE,2003,477.5,False
OAKDALE,2004,475.19999999999993,False
OAKDALE,2005,476.5,False
OAKDALE,2006,491.70000000000005,False
OAKDALE,2007,491.40000000000003,False
OAKDALE,2008,494.6,False
OAKDALE,2009,481.09999999999997,False
OAKDALE,2010,470.5,False
OAKDALE,2011,470.1,False
OAKDALE,2012,463.40000000000003,False
OAKDALE,2013,451.29999999999995,False
OAKDALE,2014,458.69999999999993,False
OAKDALE,2015,461.19999999999993,False
OAKDALE,2016,462.9000000000001,False
OAKDALE,2017,459.59999999999997,False
OAKDALE,2018,445.5,False
OLD MYSTIC,2002,151.39999999999998,True
OLD MYSTIC,2003,386.1,False
OLD MYSTIC,2004,396.6,False
OLD MYSTIC,2005,406.8,False
OLD MYSTIC,2006,415.7,False
OLD MYSTIC,2007,410.2,False
OLD MYSTIC,2008,427.80000000000007,False
OLD MYSTIC,2009,430.09999999999997,False
OLD MYSTIC,2010,428.20000000000005,False
OLD MYSTIC,2011,418.3,False
OLD MYSTIC,2012,420.09999999999997,False
OLD MYSTIC,2013,485.99999999999994,False
OLD MYSTIC,2014,486.1999999999999,False
OLD MYSTIC,2015,485.0,False
OLD MYSTIC,2016,511.9,False
OLD MYSTIC,2017,419.30000000000007,False
OLD MYSTIC,2018,405.9,False
OLD SAYBROOK,2002,106.5,True
OLD SAYBROOK,2003,270.90000000000003,False
OLD SAYBROOK,2004,279.4,False
OLD SAYBROOK,2005,281.4,False
OLD SAYBROOK,2006,282.4,False
OLD SAYBROOK,2007,285.6,False
OLD SAYBROOK,2008,290.3,False
OLD SAYBROOK,2009,286.6,False
OLD SAYBROOK,2010,270.0,False
OLD SAYBROOK,2011,283.29999999999995,False
OLD SAYBROOK,2012,295.09999999999997,False
OLD SAYBROOK,2013,300.0,False
OLD SAYBROOK,2014,297.6,False
OLD SAYBROOK,2015,291.4,False
OLD SAYBROOK,2016,290.5,False
OLD SAYBROOK,2017,276.3,False
OLD SAYBROOK,2018,276.79999999999995,False
ORANGE,2002,62.0,True
ORANGE,2003,219.4,False
ORANGE,2004,222.3,False
ORANGE,2005,229.60000000000002,False
ORANGE,2006,236.0,False
ORANGE,2007,248.29999999999998,False
ORANGE,2008,249.5,False
ORANGE,2009,247.3,False
ORANGE,2010,235.50000000000003,False
ORANGE,2011,236.4,False
ORANGE,2012,232.7,False
ORANGE,2013,236.2,False
ORANGE,2014,235.2,False
ORANGE,2015,211.3,False
ORANGE,2016,237.40000000000003,False
ORANGE,2017,235.3,False
ORANGE,2018,246.5,False
OXFORD,2002,41.7,True
OXFORD,2003,193.89999999999998,False
OXFORD,2004,188.1,False
OXFORD,2005,187.39999999999998,False
OXFORD,2006,191.2,False
OXFORD,2007,177.9,False
OXFORD,2008,202.6,False
OXFORD,2009,268.6,False
OXFORD,2010,275.09999999999997,False
OXFORD,2011,288.2,False
OXFORD,2012,304.0,False
OXFORD,2013,302.59999999999997,False
OXFORD,2014,311.90000000000003,False
OXFORD,2015,296.4,False
OXFORD,2016,295.49999999999994,False
OXFORD,2017,309.0,False
OXFORD,2018,306.79999999999995,False
PLAINFIELD,2002,176.2,True
PLAINFIELD,2003,457.70000000000005,False
PLAINFIELD,2004,429.0,False
PLAINFIELD,2005,426.4,False
PLAINFIELD,2006,439.6,False
PLAINFIELD,2007,459.9,False
PLAINFIELD,2008,484.79999999999995,False
PLAINFIELD,2009,467.29999999999995,False
PLAINFIELD,2010,452.5,False
PLAINFIELD,2011,446.3,False
PLAINFIELD,2012,447.9,False
PLAINFIELD,2013,435.59999999999997,False
PLAINFIELD,2014,422.1,False
PLAINFIELD,2015,419.40000000000003,False
PLAINFIELD,2016,421.90000000000003,False
PLAINFIELD,2017,426.3,False
PLAINFIELD,2018,411.90000000000003,False
PLAINVILLE,2002,153.8,True
PLAINVILLE,2003,444.7,False
PLAINVILLE,2004,451.1,False
PLAINVILLE,2005,456.80000000000007,False
PLAINVILLE,2006,457.70000000000005,False
PLAINVILLE,2007,465.3,False
PLAINVILLE,2008,474.0,False
PLAINVILLE,2009,456.29999999999995,False
PLAINVILLE,2010,438.4,False
PLAINVILLE,2011,446.5,False
PLAINVILLE,2012,444.1,False
PLAINVILLE,2013,464.00000000000006,False
PLAINVILLE,2014,468.6,False
PLAINVILLE,2015,489.3,False
PLAINVILLE,2016,488.5,False
PLAINVILLE,2017,497.59999999999997,False
PLAINVILLE,2018,511.5,False
POMFRET CENTER,2002,26.3,True
POMFRET CENTER,2003,81.2,False
POMFRET CENTER,2004,85.4,False
POMFRET CENTER,2005,87.6,False
POMFRET CENTER,2006,88.5,False
POMFRET CENTER,2007,90.8,False
POMFRET CENTER,2008,91.8,False
POMFRET CENTER,2009,92.3,False
POMFRET CENTER,2010,91.0,False
POMFRET CENTER,2011,90.0,False
POMFRET CENTER,2012,83.9,True
POMFRET CENTER,2013,81.5,True
POMFRET CENTER,2014,82.6,True
POMFRET CENTER,2015,83.6,False
POMFRET CENTER,2016,82.89999999999999,True
POMFRET CENTER,2017,83.7,True
POMFRET CENTER,2018,80.7,True
PORTLAND,2002,71.9,True
PORTLAND,2003,243.4,False
PORTLAND,2004,238.7,False
PORTLAND,2005,241.7,False
PORTLAND,2006,247.0,False
PORTLAND,2007,231.90000000000003,False
PORTLAND,2008,224.8,False
PORTLAND,2009,224.8,False
PORTLAND,2010,226.2,False
PORTLAND,2011,222.90000000000003,False
PORTLAND,2012,228.3,False
PORTLAND,2013,228.9,False
PORTLAND,2014,230.9,False
PORTLAND,2015,234.7,False
PORTLAND,2016,228.90000000000003,False
PORTLAND,2017,231.3,False
PORTLAND,2018,232.3,False
PRESTON,2002,11.1,True
PRESTON,2003,50.1,True
PRESTON,2004,104.0,False
PRESTON,2005,107.3,True
PRESTON,2006,113.0,True
PRESTON,2007,108.4,True
PRESTON,2008,102.49999999999999,False
PRESTON,2009,97.6,False
PRESTON,2010,94.89999999999999,False
PRESTON,2011,97.8,False
PRESTON,2012,94.1,False
PRESTON,2013,89.8,False
PRESTON,2014,89.8,False
PRESTON,2015,91.0,False
PRESTON,2016,92.4,False
PRESTON,2017,90.6,False
PRESTON,2018,92.19999999999999,False
PUTNAM,2002,107.30000000000001,True
PUTNAM,2003,281.20000000000005,False
PUTNAM,2004,279.6,False
PUTNAM,2005,244.39999999999998,False
PUTNAM,2006,236.5,False
PUTNAM,2007,231.1,False
PUTNAM,2008,232.50000000000003,False
PUTNAM,2009,226.8,False
PUTNAM,2010,227.8,False
PUTNAM,2011,224.40000000000003,False
PUTNAM,2012,234.7,False
PUTNAM,2013,240.5,False
PUTNAM,2014,240.60000000000002,False
PUTNAM,2015,239.8,False
PUTNAM,2016,243.00000000000003,False
PUTNAM,2017,233.89999999999998,False
PUTNAM,2018,229.7,False
RIDGEFIELD,2002,180.1,True
RIDGEFIELD,2003,718.5,False
RIDGEFIELD,2004,718.1999999999999,False
RIDGEFIELD,2005,746.1999999999999,False
RIDGEFIELD,2006,755.3,False
RIDGEFIELD,2007,751.6,False
RIDGEFIELD,2008,746.2,False
RIDGEFIELD,2009,766.9000000000001,False
RIDGEFIELD,2010,763.3000000000001,False
RIDGEFIELD,2011,767.3000000000001,False
RIDGEFIELD,2012,785.9,False
RIDGEFIELD,2013,764.9,False
RIDGEFIELD,2014,787.8999999999999,False
RIDGEFIELD,2015,661.9000000000001,False
RIDGEFIELD,2016,802.5,False
RIDGEFIELD,2017,1170.0,False
RIDGEFIELD,2018,805.1999999999999,False
ROCKY HILL,2002,118.2,True
ROCKY HILL,2003,370.29999999999995,False
ROCKY HILL,2004,370.0,False
ROCKY HILL,2005,377.2,False
ROCKY HILL,2006,380.69999999999993,False
ROCKY HILL,2007,384.4,False
ROCKY HILL,2008,388.8,False
ROCKY HILL,2009,389.70000000000005,False
ROCKY HILL,2010,395.69999999999993,False
ROCKY HILL,2011,406.6,False
ROCKY HILL,2012,392.4,False
ROCKY HILL,2013,396.7,False
ROCKY HILL,2014,411.0,False
ROCKY HILL,2015,429.0,False
ROCKY HILL,2016,437.6,False
ROCKY HILL,2017,446.79999999999995,False
ROCKY HILL,2018,466.09999999999997,False
SALEM,2002,30.5,True
SALEM,2003,95.9,False
SALEM,2004,99.8,False
SALEM,2005,104.49999999999999,False
SALEM,2006,99.69999999999999,False
SALEM,2007,93.30000000000001,False
SALEM,2008,94.8,False
SALEM,2009,91.5,False
SALEM,2010,90.60000000000001,False
SALEM,2011,84.2,False
SALEM,2012,83.2,True
SALEM,2013,91.9,False
SALEM,2014,86.89999999999999,False
SALEM,2015,79.19999999999999,True
SALEM,2016,84.69999999999999,False
SALEM,2017,87.5,False
SALEM,2018,88.9,False
SCOTLAND,2002,13.9,True
SCOTLAND,2003,35.0,True
SCOTLAND,2004,30.1,True
SCOTLAND,2005,31.7,True
SCOTLAND,2006,35.1,True
SCOTLAND,2007,39.400000000000006,True
SCOTLAND,2008,42.199999999999996,True
SCOTLAND,2009,42.3,True
SCOTLAND,2010,45.199999999999996,True
SCOTLAND,2011,44.5,True
SCOTLAND,2012,43.4,True
SCOTLAND,2013,41.2,True
SCOTLAND,2014,41.2,True
SCOTLAND,2015,40.7,True
SCOTLAND,2016,37.300000000000004,False
SCOTLAND,2017,36.300000000000004,False
SCOTLAND,2018,38.8,False
SEYMOUR,2002,115.0,True
SEYMOUR,2003,365.20000000000005,False
SEYMOUR,2004,396.5,False
SEYMOUR,2005,394.9,False
SEYMOUR,2006,380.0,False
SEYMOUR,2007,412.5,False
SEYMOUR,2008,379.7,False
SEYMOUR,2009,362.4,False
SEYMOUR,2010,373.40000000000003,False
SEYMOUR,2011,361.2,False
SEYMOUR,2012,357.3,False
SEYMOUR,2013,345.1,False
SEYMOUR,2014,348.8,False
SEYMOUR,2015,356.4,False
SEYMOUR,2016,351.9,False
SEYMOUR,2017,350.3,False
SEYMOUR,2018,362.8,False
SHARON,2002,34.3,True
SHARON,2003,46.3,False
SHARON,2004,51.8,False
SHARON,2005,50.1,True
SHARON,2006,52.9,False
SHARON,2007,52.3,False
SHARON,2008,49.800000000000004,False
SHARON,2009,50.1,False
SHARON,2010,49.9,False
SHARON,2011,50.699999999999996,False
SHARON,2012,49.8,False
SHARON,2013,49.1,False
SHARON,2014,47.7,False
SHARON,2015,51.5,False
SHARON,2016,51.199999999999996,True
SHARON,2017,48.400000000000006,True
SHARON,2018,46.50000000000001,False
SHELTON,2002,203.2,True
SHELTON,2003,759.4,False
SHELTON,2004,773.0,False
SHELTON,2005,771.0,False
SHELTON,2006,777.0999999999999,False
SHELTON,2007,793.1999999999998,False
SHELTON,2008,814.3999999999999,False
SHELTON,2009,796.0,False
SHELTON,2010,809.5999999999999,False
SHELTON,2011,672.4,False
SHELTON,2012,744.7,False
SHELTON,2013,779.4,False
SHELTON,2014,764.6,False
SHELTON,2015,777.4,False
SHELTON,2016,787.0,False
SHELTON,2017,825.2,False
SHELTON,2018,809.1,False
SHERMAN,2002,22.3,True
SHERMAN,2003,75.8,False
SHERMAN,2004,80.5,False
SHERMAN,2005,79.7,False
SHERMAN,2006,80.8,False
SHERMAN,2007,80.49999999999999,False
SHERMAN,2008,68.39999999999999,False
SHERMAN,2009,85.69999999999999,False
SHERMAN,2010,87.1,False
SHERMAN,2011,88.8,False
SHERMAN,2012,83.99999999999999,False
SHERMAN,2013,82.29999999999998,False
SHERMAN,2014,80.2,False
SHERMAN,2015,79.5,False
SHERMAN,2016,79.7,False
SHERMAN,2017,79.3,False
SHERMAN,2018,74.8,False
SIMSBURY,2002,180.7,True
SIMSBURY,2003,692.3,False
SIMSBURY,2004,693.8000000000001,False
SIMSBURY,2005,698.9000000000001,False
SIMSBURY,2006,707.2,False
SIMSBURY,2007,737.8,False
SIMSBURY,2008,758.2,False
SIMSBURY,2009,757.1999999999998,False
SIMSBURY,2010,755.6999999999999,False
SIMSBURY,2011,729.0,False
SIMSBURY,2012,710.4,False
SIMSBURY,2013,711.6999999999998,False
SIMSBURY,2014,712.1,False
SIMSBURY,2015,704.5,False
SIMSBURY,2016,707.8,False
SIMSBURY,2017,716.8,False
SIMSBURY,2018,698.4,False
SOMERS,2002,55.4,True
SOMERS,2003,229.29999999999998,False
SOMERS,2004,229.8,False
SOMERS,2005,230.1,False
SOMERS,2006,247.3,False
SOMERS,2007,251.0,False
SOMERS,2008,257.0,False
SOMERS,2009,258.40000000000003,False
SOMERS,2010,145.29999999999998,True
SOMERS,2011,253.80000000000004,False
SOMERS,2012,251.1,False
SOMERS,2013,250.5,False
SOMERS,2014,248.5,False
SOMERS,2015,246.5,False
SOMERS,2016,247.29999999999998,False
SOMERS,2017,253.1,False
SOMERS,2018,254.5,False
SOUTH WINDSOR,2002,210.8,True
SOUTH WINDSOR,2003,690.5,False
SOUTH WINDSOR,2004,705.1,False
SOUTH WINDSOR,2005,732.0000000000001,False
SOUTH WINDSOR,2006,715.1000000000001,False
SOUTH WINDSOR,2007,743.1,False
SOUTH WINDSOR,2008,735.5999999999999,False
SOUTH WINDSOR,2009,738.6,False
SOUTH WINDSOR,2010,722.2,False
SOUTH WINDSOR,2011,715.9000000000001,False
SOUTH WINDSOR,2012,737.5000000000001,False
SOUTH WINDSOR,2013,735.6,False
SOUTH WINDSOR,2014,732.1000000000001,False
SOUTH WINDSOR,2015,747.4,False
SOUTH WINDSOR,2016,739.9000000000001,False
SOUTH WINDSOR,2017,739.8000000000001,False
SOUTH WINDSOR,2018,721.9,False
SOUTHINGTON,2002,234.7,True
SOUTHINGTON,2003,937.6999999999999,False
SOUTHINGTON,2004,931.0,False
SOUTHINGTON,2005,1012.1999999999999,False
SOUTHINGTON,2006,980.2999999999998,False
SOUTHINGTON,2007,1019.0,False
SOUTHINGTON,2008,1027.7,False
SOUTHINGTON,2009,1018.9000000000001,False
SOUTHINGTON,2010,1035.8999999999999,False
SOUTHINGTON,2011,1058.8,False
SOUTHINGTON,2012,1078.1999999999998,False
SOUTHINGTON,2013,1051.3,False
SOUTHINGTON,2014,1089.6999999999998,False
SOUTHINGTON,2015,1110.9999999999998,False
SOUTHINGTON,2016,1127.2999999999997,False
SOUTHINGTON,2017,1147.8999999999999,False
SOUTHINGTON,2018,1145.5,False
STAFFORD SPRINGS,2002,127.0,True
STAFFORD SPRINGS,2003,373.5,False
STAFFORD SPRINGS,2004,372.4,False
STAFFORD SPRINGS,2005,366.8,False
STAFFORD SPRINGS,2006,349.8,False
STAFFORD SPRINGS,2007,350.1,False
STAFFORD SPRINGS,2008,355.20000000000005,False
STAFFORD SPRINGS,2009,368.0,False
STAFFORD SPRINGS,2010,356.9,False
STAFFORD SPRINGS,2011,359.5,False
STAFFORD SPRINGS,2012,355.4,False
STAFFORD SPRINGS,2013,355.8,False
STAFFORD SPRINGS,2014,353.6,False
STAFFORD SPRINGS,2015,344.59999999999997,False
STAFFORD SPRINGS,2016,349.1,False
STAFFORD SPRINGS,2017,352.7,False
STAFFORD SPRINGS,2018,350.0,False
STAMFORD,2002,533.0,True
STAMFORD,2003,2118.6000000000004,False
STAMFORD,2004,2028.6,False
STAMFORD,2005,2066.4,False
STAMFORD,2006,2099.3,False
STAMFORD,2007,2191.0,False
STAMFORD,2008,2148.7000000000003,False
STAMFORD,2009,2119.8,False
STAMFORD,2010,2203.2000000000003,False
STAMFORD,2011,2254.8,False
STAMFORD,2012,2215.8999999999996,False
STAMFORD,2013,2091.2000000000003,False
STAMFORD,2014,2173.6,False
STAMFORD,2015,2265.8,False
STAMFORD,2016,2418.6,False
STAMFORD,2017,2484.8,False
STAMFORD,2018,2504.2000000000003,False
STERLING,2002,27.5,True
STERLING,2003,80.9,True
STERLING,2004,88.9,True
STERLING,2005,86.0,True
STERLING,2006,85.60000000000001,True
STERLING,2007,87.1,True
STERLING,2008,101.0,False
STERLING,2009,106.10000000000001,False
STERLING,2010,112.0,False
STERLING,2011,105.7,False
STERLING,2012,87.4,False
STERLING,2013,178.1,False
STERLING,2014,86.6,False
STERLING,2015,140.2,False
STERLING,2016,105.70000000000002,False
STERLING,2017,83.9,True
STERLING,2018,84.8,True
STORRS,2002,100.4,True
STORRS,2003,288.19999999999993,False
STORRS,2004,282.7,False
STORRS,2005,280.1,False
STORRS,2006,284.09999999999997,False
STORRS,2007,282.8,False
STORRS,2008,287.3,False
STORRS,2009,284.29999999999995,False
STORRS,2010,241.7,False
STORRS,2011,243.20000000000002,False
STORRS,2012,245.20000000000002,False
STORRS,2013,244.70000000000002,False
STORRS,2014,271.40000000000003,False
STORRS,2015,267.5,False
STORRS,2016,268.3,False
STORRS,2017,267.1,False
STORRS,2018,256.20000000000005,False
STRATFORD,2002,215.5,True
STRATFORD,2003,924.0000000000001,False
STRATFORD,2004,876.1000000000001,False
STRATFORD,2005,986.4,False
STRATFORD,2006,956.3,False
STRATFORD,2007,963.6,False
STRATFORD,2008,974.7,False
STRATFORD,2009,969.0,False
STRATFORD,2010,946.6,False
STRATFORD,2011,918.5999999999999,False
STRATFORD,2012,903.9,False
STRATFORD,2013,922.3,False
STRATFORD,2014,964.1,False
STRATFORD,2015,974.2,False
STRATFORD,2016,1068.4000000000003,False
STRATFORD,2017,1093.4,False
STRATFORD,2018,1118.2,False
SUFFIELD,2002,87.8,True
SUFFIELD,2003,293.90000000000003,False
SUFFIELD,2004,302.7,False
SUFFIELD,2005,330.1,False
SUFFIELD,2006,342.6,False
SUFFIELD,2007,350.09999999999997,False
SUFFIELD,2008,360.8,False
SUFFIELD,2009,383.9,False
SUFFIELD,2010,368.0,False
SUFFIELD,2011,368.90000000000003,False
SUFFIELD,2012,376.3,False
SUFFIELD,2013,379.0,False
SUFFIELD,2014,372.79999999999995,False
SUFFIELD,2015,394.3,False
SUFFIELD,2016,399.20000000000005,False
SUFFIELD,2017,382.2,False
SUFFIELD,2018,364.20000000000005,False
TERRYVILLE,2002,65.8,True
TERRYVILLE,2003,277.3,True
TERRYVILLE,2004,270.7,True
TERRYVILLE,2005,262.1,False
TERRYVILLE,2006,268.90000000000003,False
TERRYVILLE,2007,305.8,False
TERRYVILLE,2008,308.00000000000006,False
TERRYVILLE,2009,314.0,False
TERRYVILLE,2010,321.79999999999995,False
TERRYVILLE,2011,316.9,False
TERRYVILLE,2012,322.0,False
TERRYVILLE,2013,323.3,True
TERRYVILLE,2014,329.1,False
TERRYVILLE,2015,311.8,False
TERRYVILLE,2016,297.6,False
TERRYVILLE,2017,288.79999999999995,True
TERRYVILLE,2018,295.7,True
THOMASTON,2002,48.7,True
THOMASTON,2003,212.39999999999998,False
THOMASTON,2004,208.5,False
THOMASTON,2005,191.8,False
THOMASTON,2006,181.9,False
THOMASTON,2007,186.7,False
THOMASTON,2008,192.5,False
THOMASTON,2009,178.6,False
THOMASTON,2010,175.2,False
THOMASTON,2011,174.8,False
THOMASTON,2012,178.6,False
THOMASTON,2013,171.1,False
THOMASTON,2014,162.6,False
THOMASTON,2015,152.0,False
THOMASTON,2016,154.6,False
THOMASTON,2017,161.6,False
THOMASTON,2018,160.1,False
TOLLAND,2002,128.2,True
TOLLAND,2003,448.79999999999995,False
TOLLAND,2004,465.7,False
TOLLAND,2005,454.19999999999993,False
TOLLAND,2006,461.0,False
TOLLAND,2007,459.69999999999993,False
TOLLAND,2008,459.20000000000005,False
TOLLAND,2009,463.3,False
TOLLAND,2010,469.7,False
TOLLAND,2011,446.6,False
TOLLAND,2012,450.7,False
TOLLAND,2013,458.6,False
TOLLAND,2014,444.1,False
TOLLAND,2015,395.9,False
TOLLAND,2016,432.5,False
TOLLAND,2017,439.30000000000007,False
TOLLAND,2018,424.0,False
TORRINGTON,2002,219.5,True
TORRINGTON,2003,685.1999999999999,False
TORRINGTON,2004,656.3,False
TORRINGTON,2005,691.5,False
TORRINGTON,2006,715.1,False
TORRINGTON,2007,725.2,False
TORRINGTON,2008,731.4,False
TORRINGTON,2009,729.4999999999999,False
TORRINGTON,2010,713.1000000000001,False
TORRINGTON,2011,705.8999999999999,False
TORRINGTON,2012,707.3999999999999,False
TORRINGTON,2013,698.5,False
TORRINGTON,2014,733.6999999999999,False
TORRINGTON,2015,749.6999999999999,False
TORRINGTON,2016,763.5,False
TORRINGTON,2017,731.4999999999999,False
TORRINGTON,2018,695.0,False
TRUMBULL,2002,230.70000000000002,True
TRUMBULL,2003,835.9000000000001,False
TRUMBULL,2004,878.3000000000001,False
TRUMBULL,2005,895.9000000000001,False
TRUMBULL,2006,941.8000000000001,False
TRUMBULL,2007,980.6,False
TRUMBULL,2008,1026.8,False
TRUMBULL,2009,1037.0,False
TRUMBULL,2010,1045.0,False
TRUMBULL,2011,1042.7,False
TRUMBULL,2012,1046.1000000000001,False
TRUMBULL,2013,1088.0,False
TRUMBULL,2014,1088.1,False
TRUMBULL,2015,1118.1,False
TRUMBULL,2016,1134.0,False
TRUMBULL,2017,1169.1999999999998,False
TRUMBULL,2018,1166.2,False
UNION,2002,3.2,True
UNION,2003,12.1,True
UNION,2004,12.3,True
UNION,2005,10.8,True
UNION,2006,11.7,True
UNION,2007,12.1,True
UNION,2008,11.5,True
UNION,2009,12.900000000000002,True
UNION,2010,12.4,True
UNION,2011,13.200000000000001,True
UNION,2012,12.3,True
UNION,2013,8.5,True
UNION,2014,13.7,True
UNION,2015,16.6,True
UNION,2016,14.799999999999999,True
UNION,2017,15.699999999999998,True
UNION,2018,14.299999999999999,True
VERNON,2002,230.10000000000002,True
VERNON,2003,643.6999999999999,False
VERNON,2004,641.6999999999999,False
VERNON,2005,623.3000000000001,False
VERNON,2006,628.4000000000001,False
VERNON,2007,614.5000000000001,False
VERNON,2008,600.9,False
VERNON,2009,605.0,False
VERNON,2010,607.3,False
VERNON,2011,605.9,False
VERNON,2012,633.8000000000001,False
VERNON,2013,623.4000000000001,False
VERNON,2014,664.8,False
VERNON,2015,626.4999999999999,False
VERNON,2016,662.8,False
VERNON,2017,554.7,False
VERNON,2018,581.2,False
VOLUNTOWN,2002,34.1,True
VOLUNTOWN,2003,76.7,True
VOLUNTOWN,2004,77.60000000000001,True
VOLUNTOWN,2005,76.10000000000001,True
VOLUNTOWN,2006,73.80000000000001,True
VOLUNTOWN,2007,76.9,True
VOLUNTOWN,2008,73.4,True
VOLUNTOWN,2009,76.9,False
VOLUNTOWN,2010,76.5,False
VOLUNTOWN,2011,74.3,False
VOLUNTOWN,2012,71.4,False
VOLUNTOWN,2013,70.4,False
VOLUNTOWN,2014,71.0,False
VOLUNTOWN,2015,70.1,True
VOLUNTOWN,2016,72.3,True
VOLUNTOWN,2017,71.6,True
VOLUNTOWN,2018,74.39999999999999,True
WALLINGFORD,2002,307.20000000000005,True
WALLINGFORD,2003,1091.9,False
WALLINGFORD,2004,1072.9999999999998,False
WALLINGFORD,2005,1084.4999999999998,False
WALLINGFORD,2006,1122.8999999999999,False
WALLINGFORD,2007,1143.5,False
WALLINGFORD,2008,1120.8,False
WALLINGFORD,2009,1125.0,False
WALLINGFORD,2010,1101.9,False
WALLINGFORD,2011,1043.5,False
WALLINGFORD,2012,1333.2,False
WALLINGFORD,2013,1033.5,False
WALLINGFORD,2014,1047.0,False
WALLINGFORD,2015,1079.1000000000001,False
WALLINGFORD,2016,1140.7,False
WALLINGFORD,2017,1117.6999999999998,False
WALLINGFORD,2018,1138.1,False
WATERBURY,2002,599.6,True
WATERBURY,2003,2337.7,False
WATERBURY,2004,2500.7000000000003,False
WATERBURY,2005,2691.2000000000003,False
WATERBURY,2006,2708.3,False
WATERBURY,2007,2775.3,False
WATERBURY,2008,2819.6999999999994,False
WATERBURY,2009,2868.7000000000003,False
WATERBURY,2010,2838.4999999999995,False
WATERBURY,2011,2575.2,False
WATERBURY,2012,2805.2,False
WATERBURY,2013,2843.6,False
WATERBURY,2014,2876.2,False
WATERBURY,2015,2999.9,False
WATERBURY,2016,2753.5,False
WATERBURY,2017,2861.4999999999995,False
WATERBURY,2018,2758.9,False
WATERFORD,2002,166.2,True
WATERFORD,2003,506.9,False
WATERFORD,2004,511.09999999999997,False
WATERFORD,2005,515.9,False
WATERFORD,2006,501.70000000000005,False
WATERFORD,2007,490.0,False
WATERFORD,2008,497.5,False
WATERFORD,2009,482.3,False
WATERFORD,2010,483.9,False
WATERFORD,2011,476.50000000000006,False
WATERFORD,2012,459.0,False
WATERFORD,2013,455.6,False
WATERFORD,2014,459.9,False
WATERFORD,2015,472.1,False
WATERFORD,2016,466.1,False
WATERFORD,2017,464.8,False
WATERFORD,2018,472.4,False
WATERTOWN,2002,150.7,True
WATERTOWN,2003,489.70000000000005,False
WATERTOWN,2004,484.0,False
WATERTOWN,2005,478.9,False
WATERTOWN,2006,469.4,False
WATERTOWN,2007,484.7999999999999,False
WATERTOWN,2008,484.2000000000001,False
WATERTOWN,2009,505.40000000000003,False
WATERTOWN,2010,501.79999999999995,False
WATERTOWN,2011,488.59999999999997,False
WATERTOWN,2012,486.99999999999994,False
WATERTOWN,2013,412.49999999999994,False
WATERTOWN,2014,473.7,False
WATERTOWN,2015,459.0,False
WATERTOWN,2016,453.9,False
WATERTOWN,2017,460.99999999999994,False
WATERTOWN,2018,468.7,False
WEST HARTFORD,2002,381.0,True
WEST HARTFORD,2003,1389.3999999999999,False
WEST HARTFORD,2004,1391.6,False
WEST HARTFORD,2005,1438.0,False
WEST HARTFORD,2006,1497.6000000000004,False
WEST HARTFORD,2007,1403.1,False
WEST HARTFORD,2008,1573.8,False
WEST HARTFORD,2009,1583.0000000000002,False
WEST HARTFORD,2010,1584.4999999999998,False
WEST HARTFORD,2011,1589.6000000000001,False
WEST HARTFORD,2012,1630.9,False
WEST HARTFORD,2013,1651.1999999999998,False
WEST HARTFORD,2014,1640.5,False
WEST HARTFORD,2015,1631.8000000000002,False
WEST HARTFORD,2016,1726.9999999999995,False
WEST HARTFORD,2017,1698.5,False
WEST HARTFORD,2018,1723.3999999999999,False
WEST HAVEN,2002,286.5,True
WEST HAVEN,2003,1004.4,False
WEST HAVEN,2004,1019.9000000000001,False
WEST HAVEN,2005,1013.0,False
WEST HAVEN,2006,1017.6,False
WEST HAVEN,2007,985.5999999999999,False
WEST HAVEN,2008,990.6999999999999,False
WEST HAVEN,2009,985.2,False
WEST HAVEN,2010,1055.0,False
WEST HAVEN,2011,970.9000000000001,False
WEST HAVEN,2012,957.2,False
WEST HAVEN,2013,966.6,False
WEST HAVEN,2014,986.5,False
WEST HAVEN,2015,1000.8000000000001,False
WEST HAVEN,2016,976.6999999999999,False
WEST HAVEN,2017,968.0,False
WEST HAVEN,2018,937.8,False
WESTBROOK,2002,45.8,True
WESTBROOK,2003,167.8,False
WESTBROOK,2004,166.4,False
WESTBROOK,2005,169.3,False
WESTBROOK,2006,168.39999999999998,False
WESTBROOK,2007,173.20000000000002,False
WESTBROOK,2008,177.60000000000002,False
WESTBROOK,2009,178.0,False
WESTBROOK,2010,184.79999999999998,False
WESTBROOK,2011,181.1,False
WESTBROOK,2012,182.1,False
WESTBROOK,2013,182.6,False
WESTBROOK,2014,186.79999999999998,False
WESTBROOK,2015,187.1,False
WESTBROOK,2016,190.1,False
WESTBROOK,2017,187.3,False
WESTBROOK,2018,189.7,False
WESTON,2002,117.6,True
WESTON,2003,375.79999999999995,False
WESTON,2004,376.3,False
WESTON,2005,400.30000000000007,False
WESTON,2006,245.8,True
WESTON,2007,420.1,False
WESTON,2008,431.0,False
WESTON,2009,401.4,False
WESTON,2010,399.0,False
WESTON,2011,423.20000000000005,False
WESTON,2012,424.90000000000003,False
WESTON,2013,377.7,False
WESTON,2014,361.6,False
WESTON,2015,421.09999999999997,False
WESTON,2016,418.5,False
WESTON,2017,371.0999999999999,False
WESTON,2018,369.2,False
WESTPORT,2002,302.8,True
WESTPORT,2003,963.6,False
WESTPORT,2004,956.2,False
WESTPORT,2005,983.4,False
WESTPORT,2006,1004.1,False
WESTPORT,2007,1068.9999999999998,False
WESTPORT,2008,1098.0,False
WESTPORT,2009,1108.2,False
WESTPORT,2010,1086.0,False
WESTPORT,2011,1072.6,False
WESTPORT,2012,1047.2,False
WESTPORT,2013,1057.6,False
WESTPORT,2014,957.9,False
WESTPORT,2015,1255.8999999999999,False
WESTPORT,2016,984.3,False
WESTPORT,2017,996.9,False
WESTPORT,2018,981.4999999999999,False
WETHERSFIELD,2002,148.5,True
WETHERSFIELD,2003,490.40000000000003,False
WETHERSFIELD,2004,510.7,False
WETHERSFIELD,2005,533.3000000000001,False
WETHERSFIELD,2006,574.4,False
WETHERSFIELD,2007,610.5,False
WETHERSFIELD,2008,619.6,False
WETHERSFIELD,2009,603.1,False
WETHERSFIELD,2010,608.4,False
WETHERSFIELD,2011,623.1,False
WETHERSFIELD,2012,596.9,False
WETHERSFIELD,2013,599.9,False
WETHERSFIELD,2014,627.7,False
WETHERSFIELD,2015,508.3,False
WETHERSFIELD,2016,631.0999999999999,False
WETHERSFIELD,2017,641.9,False
WETHERSFIELD,2018,616.9,False
WILLIMANTIC,2002,262.1,True
WILLIMANTIC,2003,666.4999999999999,False
WILLIMANTIC,2004,666.8,False
WILLIMANTIC,2005,653.1000000000001,False
WILLIMANTIC,2006,646.6,False
WILLIMANTIC,2007,641.9000000000001,False
WILLIMANTIC,2008,658.0000000000001,False
WILLIMANTIC,2009,652.0999999999999,False
WILLIMANTIC,2010,624.4,False
WILLIMANTIC,2011,550.8,False
WILLIMANTIC,2012,630.0000000000001,False
WILLIMANTIC,2013,603.9000000000001,False
WILLIMANTIC,2014,646.8000000000001,False
WILLIMANTIC,2015,724.8,False
WILLIMANTIC,2016,702.4,False
WILLIMANTIC,2017,735.0,False
WILLIMANTIC,2018,722.8,False
WILLINGTON,2002,36.2,True
WILLINGTON,2003,123.5,True
WILLINGTON,2004,117.69999999999999,True
WILLINGTON,2005,116.0,True
WILLINGTON,2006,116.8,True
WILLINGTON,2007,119.0,False
WILLINGTON,2008,121.6,False
WILLINGTON,2009,122.4,False
WILLINGTON,2010,123.0,False
WILLINGTON,2011,115.6,False
WILLINGTON,2012,114.0,False
WILLINGTON,2013,97.2,False
WILLINGTON,2014,94.7,False
WILLINGTON,2015,91.2,False
WILLINGTON,2016,88.7,False
WILLINGTON,2017,93.2,False
WILLINGTON,2018,92.2,False
WILTON,2002,166.0,True
WILTON,2003,605.9000000000001,False
WILTON,2004,633.7,False
WILTON,2005,657.0,False
WILTON,2006,679.0999999999999,False
WILTON,2007,696.0,False
WILTON,2008,680.5,False
WILTON,2009,686.1,False
WILTON,2010,692.9,False
WILTON,2011,668.1999999999999,False
WILTON,2012,667.1,False
WILTON,2013,687.2000000000002,False
WILTON,2014,675.5,False
WILTON,2015,690.1999999999999,False
WILTON,2016,665.4000000000001,False
WILTON,2017,670.2,False
WILTON,2018,656.1,False
WINDSOR,2002,189.9,True
WINDSOR,2003,710.4,False
WINDSOR,2004,720.1,False
WINDSOR,2005,731.3999999999999,False
WINDSOR,2006,726.3,False
WINDSOR,2007,760.7,False
WINDSOR,2008,736.1999999999999,False
WINDSOR,2009,731.9000000000001,False
WINDSOR,2010,697.4000000000001,False
WINDSOR,2011,680.3,False
WINDSOR,2012,690.6,False
WINDSOR,2013,731.0,False
WINDSOR,2014,721.8,False
WINDSOR,2015,749.8,False
WINDSOR,2016,726.0,False
WINDSOR,2017,742.1999999999999,False
WINDSOR,2018,733.5,False
WINDSOR LOCKS,2002,143.39999999999998,True
WINDSOR LOCKS,2003,345.9,False
WINDSOR LOCKS,2004,329.1,False
WINDSOR LOCKS,2005,328.5,False
WINDSOR LOCKS,2006,349.3,False
WINDSOR LOCKS,2007,356.7,False
WINDSOR LOCKS,2008,363.09999999999997,False
WINDSOR LOCKS,2009,374.20000000000005,False
WINDSOR LOCKS,2010,358.70000000000005,False
WINDSOR LOCKS,2011,360.90000000000003,False
WINDSOR LOCKS,2012,343.5,False
WINDSOR LOCKS,2013,350.8,False
WINDSOR LOCKS,2014,356.50000000000006,False
WINDSOR LOCKS,2015,375.3,False
WINDSOR LOCKS,2016,396.8,False
WINDSOR LOCKS,2017,376.59999999999997,False
WINDSOR LOCKS,2018,358.3,False
WINSTED,2002,75.0,True
WINSTED,2003,206.1,False
WINSTED,2004,180.4,True
WINSTED,2005,180.4,True
WINSTED,2006,101.39999999999999,True
WINSTED,2007,189.1,True
WINSTED,2008,199.3,False
WINSTED,2009,200.8,True
WINSTED,2010,188.0,True
WINSTED,2011,168.5,True
WINSTED,2012,140.6,True
WINSTED,2013,145.6,True
WINSTED,2014,135.0,False
WINSTED,2015,139.0,False
WINSTED,2016,138.1,False
WINSTED,2017,131.0,False
WINSTED,2018,119.9,False
WOLCOTT,2002,119.30000000000001,True
WOLCOTT,2003,422.6,False
WOLCOTT,2004,439.70000000000005,False
WOLCOTT,2005,441.3,False
WOLCOTT,2006,442.4,False
WOLCOTT,2007,446.3,False
WOLCOTT,2008,454.3,False
WOLCOTT,2009,446.3,False
WOLCOTT,2010,434.00000000000006,True
WOLCOTT,2011,425.0,False
WOLCOTT,2012,412.19999999999993,False
WOLCOTT,2013,411.29999999999995,False
WOLCOTT,2014,396.09999999999997,False
WOLCOTT,2015,406.6,False
WOLCOTT,2016,401.2,False
WOLCOTT,2017,406.9,False
WOLCOTT,2018,396.4,False
WOODBRIDGE,2002,49.5,True
WOODBRIDGE,2003,142.3,False
WOODBRIDGE,2004,152.4,False
WOODBRIDGE,2005,138.7,False
WOODBRIDGE,2006,137.7,False
WOODBRIDGE,2007,134.3,False
WOODBRIDGE,2008,139.2,False
WOODBRIDGE,2009,139.2,False
WOODBRIDGE,2010,136.2,False
WOODBRIDGE,2011,130.2,False
WOODBRIDGE,2012,130.7,False
WOODBRIDGE,2013,127.19999999999999,False
WOODBRIDGE,2014,128.2,False
WOODBRIDGE,2015,81.5,True
WOODBRIDGE,2016,131.6,False
WOODBRIDGE,2017,133.1,False
WOODBRIDGE,2018,131.6,False
WOODSTOCK,2002,73.0,True
WOODSTOCK,2003,163.70000000000002,False
WOODSTOCK,2004,162.9,False
WOODSTOCK,2005,152.70000000000002,False
WOODSTOCK,2006,158.70000000000002,False
WOODSTOCK,2007,154.2,False
WOODSTOCK,2008,170.7,False
WOODSTOCK,2009,169.1,False
WOODSTOCK,2010,168.0,False
WOODSTOCK,2011,164.1,False
WOODSTOCK,2012,162.1,False
WOODSTOCK,2013,166.20000000000002,False
WOODSTOCK,2014,162.79999999999998,False
WOODSTOCK,2015,154.8,False
WOODSTOCK,2016,153.79999999999998,False
WOODSTOCK,2017,153.1,False
WOODSTOCK,2018,151.39999999999998,False
